,statement,label
2,"Did you know? 
Of nearly 5.7 billion #COVID19 tests performed globally, only 20% were done in low &amp; lower middle-income countries despite them comprising half the worldâ€™s population.

ğŸ“£ We must change this now. 
#UrgencyofEquity #ACTogether 
@ACTAccelerator https://t.co/Yxtchj62Mu",real
4,"Vaccines accompany us through our life-course &amp; protect against:
Cervical cancer
Cholera
COVID-19
Diphtheria
Ebola
Hep B
HPV
Influenza
Japanese encephalitis
Malaria
Measles
Meningitis
Mumps
Pertussis
Pneumonia
Polio
Rabies
Rotavirus
Rubella
Tetanus
Typhoid
Varicella
Yellow Fever",real
10,"Two years into the pandemic, we ask â€œwhat will it take to end its acute phase?â€ Today, we stress the urgency of equitable access to life-saving #COVID19 tools. ğŸ’Š ğŸ’‰ ğŸ˜·ğŸ§ª
 #UrgencyofEquity #ACTogether https://t.co/jkBwBAe2lw",real
11,"Itâ€™s #WorldImmunizationWeek!

If you could see viruses you would know that they are all around. Vaccines provide opportunity and hope for all of us to enjoy â€‹a more fulfilling life. â€‹That's something we should all be fighting for.â€‹ Vaccines, in the pursuit of a #LongLifeForAll. https://t.co/DvWZVHOCaK",real
12,"#WorldImmunizationWeek starts today. Play this quiz and test your knowledge about vaccines ğŸ‘‡

Q1: For which virus was the first vaccine successfully created?

#LongLifeForAll",real
13,"Yesterday, @DrTedros met with #Nepalâ€™s President Bidhya Devi Bhandari and Prime Minister @SherBDeuba to discuss ğŸ‡³ğŸ‡µ's response to #COVID19 &amp; #VaccinEquity; routine immunization efforts; &amp; how WHO can support training for health workforce. #HealthForAll https://t.co/9Ce4YFY0QW",real
17,"ğŸ“£ WHO updates its recommendations for the use of therapeutics in the treatment of #COVID19. ğŸ§µ

https://t.co/ItNygISp5V",real
19,"As of April 25, more than 100.1 million people have received their first #COVID19 booster. Almost 257.3 million people have received at least one dose of a COVID-19 vaccine. Of those, 219.4 million are fully vaccinated.

Find a COVID-19 vaccine or booster: https://t.co/xbvNiaVJKV https://t.co/4dJIroOMNa",real
23,"Over 9 million children ages 5â€“11 years have received at least one dose of #COVID19 vaccine.

Your participation in v-safe helps CDC monitor the safety of COVID-19 vaccines for everyone.
 
Learn more: https://t.co/S4ZmF2foa9. https://t.co/fFWJC29XuL",real
26,"Throughout the pandemic, the U.S. has experienced waves of #COVID19 caused by different variants. CDC closely tracks variant trends and their impact on public health. Learn more in this weekâ€™s COVID Data Tracker Weekly Review: https://t.co/F4bAyObDp1. https://t.co/bnWZ8M6lFC",real
27,"As of April 21, 2022, more than 98% of the U.S. population lives in a location with a low or medium #COVID19 Community Level. 

Find your COVID-19 Community Level: https://t.co/w3365V9Zr4. https://t.co/Fmhz5RnxtP",real
30,"New @CDCMMWR found that for the second year, #COVID19 was third leading cause of death in US in 2021, after heart disease &amp; cancer. 

Stay up to date on your COVID-19 vaccines to help prevent serious illness and death. Learn more: https://t.co/WKQpZOueVQ. https://t.co/O6gowonFmX",real
31,"New @CDCMMWR shows gaps between #COVID19 death rates decreased among most racial &amp; ethnic groups from 2020 to 2021.

Access to COVID-19 vaccination and other interventions can help address health disparities in communities across the US even more. https://t.co/KphhaPvLWJ https://t.co/PipErVW898",real
33,"If youâ€™re eligible for a #COVID19 booster and havenâ€™t received one, make a plan to get one now.

Everyone ages 12 years and older should get a booster when itâ€™s time.

Find one near you: https://t.co/2akIUZ14Rd. https://t.co/eM1aACqqxh",real
34,"The latest MMWR Weekly #COVID19 Briefing is live. This episode covers 3 reports, including reports highlighting COVID-19 mortality &amp; vaccine coverage in Hong Kong, Omicron infections in people previously infected w/ Delta and more. Listen &amp; subscribe: https://t.co/I9Zs1YquaF. https://t.co/GYPBWgtJtd",real
35,"H5N1 bird flu continues to be detected in wild birds and poultry in the U.S. CDC is working with local, state, and federal partners to monitor people with exposures to infected birds &amp; is prepared to respond if these viruses spread to people: https://t.co/1XpBDZZdpF. https://t.co/uOkS3w9k03",real
36,"More than 11,700 healthcare facilities are using electronic case reporting (eCR) for #COVID19 &amp; other reportable conditions. eCR enables real-time information exchange between healthcare &amp; public health, which is critical in public health emergencies. https://t.co/fRhIsHKoNY https://t.co/0uqK9ErjrO",real
38,"Over 9 million children ages 5â€“11 years have received at least one dose of #COVID19 vaccine.

Enroll in v-safe so you can quickly and easily share with CDC how your child feels after getting a COVID-19 vaccine.

Learn more: https://t.co/S4ZmF2foa9. https://t.co/JW2RQIxDdm",real
39,CDC nationwide health alert: A cluster of children identified w/ #hepatitis and #adenovirus infection. Physicians should be alert for symptoms &amp; report any suspected hepatitis cases of unknown origin to their local and state health departments. https://t.co/vzi2xjmKRh,real
41,"Are you up to date on your #COVID19 vaccines?
Youâ€™re up to date on COVID-19 vaccines when youâ€™ve received all vaccines recommended for you, including additional doses and boosters when youâ€™re eligible.
Learn more: https://t.co/009bOerScg. https://t.co/CgpsD6B96c",real
44,"As of April 18, 2022, national forecasts predict 200â€“4,000 new #COVID19 hospitalizations will likely be reported on May 13. More: https://t.co/Xys80ZGlxV. https://t.co/QyL0jWsuxD",real
47,"Why should you stay up to date with your #COVID19 vaccines?

Staying up to date with your COVID-19 vaccines lowers your risk of getting seriously ill, being hospitalized, or dying from COVID-19.

Find your vaccine or booster: https://t.co/xbvNibdkCt.",real
50,"#DYK? Your bodyâ€™s ability to fight off #COVID19 can decrease over time after vaccination. When this happens, a booster can help your body build back the immunity that has been lost.
More: https://t.co/77CTFuJFcO. https://t.co/C5vdNf13CW",real
52,"#COVID19 can make some children very sick. A new MMWR report shows among children ages 5â€“11 years hospitalized with COVID-19 during the first few months of Omicron, 3 in 10 had no underlying conditions and 2 in 10 were admitted to the ICU. Learn more: https://t.co/IUFvr9HBt8. https://t.co/2W19KlpQSj",real
55,"As of April 18, 256.8 million people have received at least one dose of a #COVID19 vaccine. Of those, 218.9 million are fully vaccinated. More than 99.5 million people have received a COVID-19 booster dose.  

Find a COVID-19 vaccine or booster near you: https://t.co/xbvNiaVJKV. https://t.co/h7x59DfUtv",real
56,"Tribal community members, leaders, and partners: Share new videos of Wes Studi, Cherokee elder, Oscar award recipient, and health advocate, encouraging American Indian and Alaska Natives to get vaccinated to help protect their communities from #COVID19. https://t.co/2Xjim3GaiS https://t.co/BGyAaIK3lO",real
58,"Over 9 million children ages 5â€“11 years have received at least one dose of #COVID19 vaccine.

Your participation in v-safe helps CDC monitor the safety of COVID-19 vaccines for everyone. 

Learn more: https://t.co/S4ZmF2foa9. https://t.co/VVJLMHzwXB",real
61,"If youâ€™ve delayed or avoided medical care during the #COVID19 pandemic, itâ€™s time to jump back in. Put â€œget a checkupâ€ on your to-do list, especially if youâ€™re at risk for heart disease. Learn more in the COVID Data Tracker Weekly Review: https://t.co/F4bAyObDp1. https://t.co/FnKB4i3oQZ",real
62,"New: CDCâ€™s COVID Data Tracker now shows more information about levels of the virus that causes #COVID19 in a communityâ€™s wastewater. When used with other data, increasing levels can provide an early warning of COVID-19 spread in a community. See the data: https://t.co/2oUHTMGqqX. https://t.co/o2rP9ghGpi",real
65,"As of April 14, 2022, more than 99% of the U.S. population lives in a location with a low or medium #COVID19 Community Level. 

Find your COVID-19 Community Level: https://t.co/w3365V9Zr4. https://t.co/8vcNoqZ1mV",real
66,Have questions about #COVID19 vaccination for children ages 5+ years? Here are 6 things parents and caregivers need to know: https://t.co/FoJ0IFtxGR. https://t.co/mJTp7t4fCs,real
69,Are you up to date with recommended #COVID19 vaccinations? Find out what it means to be up to date and how to lower your risk of hospitalization from COVID-19: https://t.co/009bOerScg. https://t.co/DWAO9mVRPd,real
70,"Learn how @HarvardChanSPH, @ASTHO, and @nphic worked to effectively communicate important #COVID19 information to people in the U.S. who speak Spanish or Chinese and have limited English proficiency: https://t.co/U6p0HuW5dt. https://t.co/00dDQD0uOw",real
71,"CDC is supporting local, state, and federal partners responding to outbreaks of H5N1 bird flu in wild birds in 31 states &amp; in poultry in 26 states. At this time, the risk to the general public from these viruses remains low. More: https://t.co/1XpBDZZdpF. https://t.co/xapF7diGBX",real
72,Pediatric providers: Be prepared to discuss #COVID19 vaccination for children with parents and caregivers. Ask open-ended questions and listen empathetically to help create an open discussion. Learn more: https://t.co/46OQwqhLoz. https://t.co/SBdcwnvyOr,real
74,"As of April 11, 2022, national forecasts predict 100â€“5,500 new #COVID19 hospitalizations will likely be reported on May 6. More: https://t.co/Xys80ZGlxV. https://t.co/U06NlamWeR",real
75,.@ProjectRefocus_ works with communities to monitor and address how stigma and racism contribute to disparities in who gets #COVID19 and the care they receive. Learn more on this Health Equity in Action project: https://t.co/R8vczOGGiC. https://t.co/QrInlHd4IB,real
76,"#Parents and Caregivers: Your children ages 5+ years should get a #COVID19 vaccine. 
If your kids havenâ€™t received a COVID-19 vaccine, make an appointment today. Contact their healthcare provider or visit https://t.co/2akIUZ14Rd. https://t.co/FJu1MABH2V",real
79,"Parents: Children with disabilities may need accommodations at #COVID19 vaccination sites. Make sure to discuss this with your provider when making the appointment so your child gets the support they need during their visit. 

Learn more: https://t.co/348AOulKr0. https://t.co/uZXlFeziY2",real
83,"Even if youâ€™ve already had #COVID19, mRNA vaccines (Pfizer-BioNTech or Moderna) help keep you out of the hospital if you get COVID-19 again, with a booster giving the most protection, new @CDCMMWR finds. Stay up to date on your COVID-19 vaccines. More: https://t.co/jK4UHl97mR. https://t.co/DRk9biBeg6",real
86,"As of April 11, 256.3 million people have received at least one dose of a #COVID19 vaccine. Of those, 218.4 million are fully vaccinated. More than 98.8 million people have received a COVID-19 booster dose.

Find a COVID-19 vaccine or booster near you: https://t.co/xbvNiaVJKV. https://t.co/DXGaqkn75h",real
92,Vaccinating children is the single best way to protect them from getting very sick with #COVID19. Learn more in the COVID Data Tracker Weekly Review: https://t.co/F4bAyObDp1. https://t.co/pnDK0TczTL,real
93,"H5N1 bird flu continues to be detected in wild birds and domestic poultry in the U.S. CDC is working with local, state, and national partners to monitor people with exposures and is prepared to respond should these viruses spread to humans: https://t.co/1XpBDZZdpF. https://t.co/0V6GoDzFsx",real
94,"As of April 7, 2022, more than 99% of the U.S. population lives in a location with a low or medium #COVID19 Community Level.

Find your COVID-19 Community Level: https://t.co/w3365V9Zr4. https://t.co/qG8hmNexpY",real
96,Only 25% of patients hospitalized with COVID feel fully and completely recovered. https://t.co/7fBpt9rCpi,real
101,Only heart disease and cancer cause more deaths than COVID. https://t.co/yqYBApsCJg https://t.co/67T8SAxIbM,real
103,FDA granted the first full approval for treating COVID in children aged 28 days and older with remdesivir. https://t.co/zEkiqjEjqZ https://t.co/W33Ojfmkea,real
105,No recurrence of VTEs appeared after 1 year in patients who experienced these events while hospitalized with severe COVID-19. https://t.co/SUjSm5ub9N,real
111,"Cardiac issues &amp; COVID: New data
https://t.co/uiAFfeCSFH",real
113,"An overall 9-fold increase in COVID antibodies with a longer interval between first and second doses of the Pfizer/BioNTech (BNT162b2) vaccine, according to data from the SIREN study. https://t.co/4XKeyyDFjj #ECCMID2022",real
124,U.S. COVID transmission from animals to humans: Study results https://t.co/DTRXK3lFvB,real
127,Is there a link between COVID-19 cases or vaccinations and the increased reports of thyroid autoimmunity and its complications? https://t.co/0pQZ324diU,real
133,Stanford's Benjamin Pinsky on the potential for even more transmissible and pathogenic versions of the SARS-CoV-2 virus to arise. https://t.co/Dce4CLACO3,real
143,"An immunocompromised patient battled COVID for 505 days, the longest known to date.
https://t.co/bVyH2hui6v https://t.co/vvcVsAKFl9",real
150,"Transmitted by the bite of the aggressive â€œlone starâ€ tick, Heartland virus is on the move, spreading from Missouri to Georgia. https://t.co/hxfy0Qg3R5",real
155,"A third of critical care workers reported some degree of psychological problems in the early phase of the COVID-19 pandemic, based on survey results. https://t.co/npsDaoRfex",real
160,Wearing glasses may lower COVID-19 risk https://t.co/RlYftjw6Nq https://t.co/2Zc5e4ncPw,real
176,"Psychiatric disorders have been linked to a higher incidence of COVID-19 infection, especially in older persons. https://t.co/g8EYMufZqP",real
180,About 30% of COVID-19 patients developed long COVID https://t.co/BEvhPaN3Sv,real
189,California naturopath recently pleaded guilty to falsifying COVID-19 vaccination cards and offering patients lifelong protection from COVID-19. https://t.co/D1fXUTr1uK,real
247,"#COVID19: People in Beijing have stockpiled food and other supplies, as the city's biggest district began mass testing residents amid a new outbreak of coronavirus.

The testing regime has prompted fears of a lockdown, similar to the one in Shanghai.

https://t.co/iOm40vn1kt https://t.co/n4FOjFoL1q",real
257,"""We're not ever going to have complete immunity of the whole population.""

Dr David Nabarro says COVID, unlike other infections, causes ""the body to wane over time"" leading to repeat infection.

Today's top stories: https://t.co/4ozTbgvoxl

ğŸ“º Sky 501 and YouTube https://t.co/RVj63HHzaX",real
294,"To prevent the spread of #COVID19, ensure the use of face mask in enclosed and public spaces.

ğŸ”— @PSCCOVID19 guidelines:
https://t.co/UTFlBUq3vp

#TakeResponsibility https://t.co/f9Xzzpu8NT",real
295,"It is #WorldImmunisationWeek

Vaccines are a safe and effective way to prevent infectious diseases like yellow fever, measles, meningitis, #COVID19 and others.

Play your part to achieve #LongLifeForAll. 

#VaccinesWork

ğŸ“¸ 2017 https://t.co/jyFZ8FNhhQ",real
298,"Despite the decline in #COVID19 cases, Nigerians are encouraged to refrain from non-essential gatherings.

Comply with #COVID19 interventions guidelines such as the MANDATORY use of face masks in public settings.

ğŸ”—Guidelines:
https://t.co/UTFlBUq3vp

#TakeResponsibility https://t.co/qpWu21JyhG",real
299,"We must awaken to the reality that #COVID19 is one out of numerous public health emergencies that we face.

We must continue to invest in improving #Nigeriaâ€™s health security for current and future public health emergencies. https://t.co/7qZ8H62O41",real
301,"6 new confirmed cases of #COVID19Nigeria;

Lagos-2
Rivers-2
Bauchi-1
Nasarawa-1

255,685 confirmed 
249,890 discharged 
3,143 deaths 

#TakeResponsibility https://t.co/U7YVASgJTM",real
304,"Washing your hands is still an effective way to reduce the spread of #COVID19 and other infectious diseases.

Be sure to wash your hands frequently with soap under running water.

If water is not available, use a hand sanitiser.

#TakeResponsibility https://t.co/KqewGHQtHL",real
306,"Masks are still a key way to prevent the spread of #COVID19. 

When you wear a mask in public domains and indoor gatherings. 

Ensure it's fitted properly over your mouth and nose.

#TakeResponsibility https://t.co/12S2OUhoAK",real
307,"9 new confirmed cases of #COVID19Nigeria;

FCT-6
Lagos-3

255,679 confirmed 
249,886 discharged 
3,143 deaths 

#TakeResponsibility https://t.co/2bb0dtNSjd",real
309,"Here are simple &amp; effective actions to take to help protect yourself, family &amp; community against #COVID19.

ğŸ’‰#GetVaccinated
ğŸ˜·Wear a face mask in public &amp; indoor gatherings
ğŸŒ¬ï¸Keep spaces well ventilated
ğŸ§¼ Wash your hands frequently
ğŸ¤’ Stay at home when ill

#TakeResponsibility https://t.co/EpUMetum7A",real
310,"#NCDCPublicationğŸ“š

Several disease outbreaks have been recorded in Nigeria in the last 10 years with imported cases of #Ebola in 2014, annual outbreaks of #YellowFever, #LassaFever, #CerebrospinalMeningitis, #cholera, #measles, and most recently, #COVID19. https://t.co/gE6DHqoANt",real
313,"22 new confirmed cases of #COVID19Nigeria;

Lagos-10
Nasarawa-6
FCT-3
Rivers-3

255,670 confirmed 
249,879 discharged 
3,143 deaths 

#TakeResponsibility https://t.co/OptwsncdgM",real
316,"Our weekly #COVID19Nigeria situation report(Epi Week 14) has been published.

The weekly #COVID19 situation reports provide a summary of the epidemiological situation, datasheet &amp; response activities in Nigeria.

Download:
https://t.co/Xo1WG4QDYT

#TakeResponsibility https://t.co/psRWASoFyc",real
317,Get vaccinated. #YesToCOVID19Vaccine https://t.co/S19HscpPsu,real
320,"2 new confirmed cases of #COVID19Nigeria;

Delta-1
Rivers-1

255,648 confirmed 
249,847 discharged 
3,143 deaths https://t.co/6B55DzPcKe",real
322,"Complete your #COVID19 vaccine doses for full protection.

If you have received your first dose of Moderna, AstraZeneca or Pfizer vaccine, kindly check the due date and get your second dose for full protection.

#YesToCOVID19Vaccine
#TakeResponsibility https://t.co/BFuR7v2yoh",real
324,"13 new confirmed cases of #COVID19Nigeria;

Lagos-6
Rivers-3
Delta-2
FCT-1
Kano-1

2 UI55,646 confirmed 
249,842 discharged 
3,143 deaths 

#TakeResponsibility https://t.co/CtSx9GzSuK",real
326,"Disinfect surfaces regularly to prevent the spread of #COVID19 in your home, shops, offices and community. 

#TakeResponsibility to protect yourself, loved ones, customers, employees and society at large.

#GetVaccinated https://t.co/E1zKzSkptm",real
329,"27 new confirmed cases of #COVID19Nigeria;

Lagos-18
FCT-4
Delta-2
Kaduna-1
Oyo-1
Rivers-1

255,633 confirmed 
249,825 discharged 
3,142 deaths 

#TakeResponsibility https://t.co/PQEdR3epFq",real
330,"#COVID19 is still a threat.

#TakeResponsibility to keep yourself and loved ones safe. https://t.co/9ijwVHiEKA",real
332,"Our weekly #COVID19Nigeria situation report (Epi Week 13) has been published.

The weekly #COVID19 situation reports provide a summary of the epidemiological situation, datasheet &amp; response activities in Nigeria.

Download:
https://t.co/Xo1WG4QDYT

#TakeResponsibility https://t.co/apaVDxtdsH",real
333,"31 new confirmed cases of COVID19Nigeria;

Lagos-20
Rivers-3
Abia-2
Delta-2
FCT -2
 Kaduna-2

255,606 confirmed 
249,718 discharged 
3,142 deaths 

#TakeResponsibility https://t.co/Fjbuzyq8Sa",real
335,"Are you organising or attending an event this weekend?

#TakeResponsibility to be part of the solution.

Adhere to laid down #COVID19 safety guidelines for conducting conferences and events in Nigeria.

ğŸ”—https://t.co/19AHvvvmo2 https://t.co/LqlVYDpfEd",real
337,"59 new confirmed cases of COVID19Nigeria;

Kwara-29
Lagos-17
FCT-7
Rivers-3
Cross River-2
Kaduna-1

255,575 confirmed 
249,686 discharged 
3,142 deaths 

#TakeResponsibility https://t.co/4RG3OuGSDy",real
342,"48 new confirmed cases of COVID19Nigeria;

Lagos-25
Rivers-11
Kaduna-6
FCT-5
Abia-1

255,516 confirmed 
249,674 discharged 
3,142 deaths 

#TakeResponsibility https://t.co/HmP93mjtd9",real
343,"The Nigeria COVID-19 Research Coalition #NCRC was established by NCDC to generate research evidence to aid understanding of #COVID19 &amp; support Nigeria's response to the outbreak

Partner stakeholders include @Fmohnigeria, @TETFundNg, @OfficialNUC &amp; research institutes &amp; agencies. https://t.co/fuDzrbz5m2",real
344,"ğŸ“¢1 HOUR TO GO 

Join us at the #NCRC_Colloquium to
âœ…showcase local &amp; global #COVID19 research conducted in Nigeria
âœ…identify gaps in the research landscape apropos to #COVID19 &amp; other health emergencies
âœ…chart a course for health research priorities

ğŸ”—https://t.co/AdbRngRxeZ https://t.co/9ZbZ1wvXxj",real
345,"â³ Tomorrow 

Join us to explore the world of public health research through the #NCRC_Colloquium.

Theme: Two years on: gains, losses and lessons in Nigeria's #COVID19 research

ğŸ“… 4th April 2022

ğŸ•™ 10 am

Registration is FREE and open to all via https://t.co/AdbRngRxeZ https://t.co/aWJ9OelEew",real
346,"ğŸ“¢ANNOUNCEMENT

@PSCCOVID19 has updated protocols for travellers to Nigeria with effect from Monday, 4th April 2022

NB: All in-bound travellers MUST register via https://t.co/WY7XTyJ8h7 before travel

Read &amp; share detailed protocol:
https://t.co/nsm7XKvl6n

#TakeResponsibility https://t.co/1D7sEAKBJu",real
347,"ğŸ“š#NCDCPublication

Risk perception is a key area in health &amp; risk communication that affects how people deal with hazards.

The comparatively lower incidence &amp; case fatality of #COVID19 in Nigeria has been hypothesised to contribute to the low perception of risk in the country. https://t.co/peWBta80Lk",real
348,"#LargestVaccineDrive 
#Unite2FightCorona 
#AmritMahotsav https://t.co/De1JcMqvZW",real
349,"#LargestVaccineDrive 
#Unite2FightCorona 
#AmritMahotsav

@PMOIndia @mansukhmandviya @ianuragthakur @DrBharatippawar @PIB_India @mygovindia @AmritMahotsav @COVIDNewsByMIB @DDNewslive @airnewsalerts https://t.co/8guMXh1A24",real
351,"#LargestVaccineDrive 
#Unite2FightCorona 
#AmritMahotsav

@PMOIndia @mansukhmandviya @ianuragthakur @DrBharatippawar @PIB_India @mygovindia @AmritMahotsav @COVIDNewsByMIB @DDNewslive @airnewsalerts https://t.co/mUsY8IVStS",real
352,"#AmritMahotsav
#Unite2FightCorona
#LargestVaccineDrive https://t.co/T9CxfZ0Mdy",real
354,"#AmritMahotsav
#Unite2FightCorona
#LargestVaccineDrive

â¡ï¸ Indiaâ€™s Cumulative #COVID19 Vaccination Coverage exceeds 187.95 Cr (1,87,95,76,423).

â¡ï¸ Over 2.70 Cr 1st dose vaccines administered for age group 12-14 years.

https://t.co/owvDFRPUQe https://t.co/hQ3ncPXXYX",real
356,"#AmritMahotsav
#Unite2FightCorona
#LargestVaccineDrive

ğ—–ğ—¢ğ—©ğ—œğ—— ğ—™ğ—Ÿğ—”ğ—¦ğ—›

https://t.co/o9p3XDIXOm https://t.co/xaT3gdRbLv",real
357,"#LargestVaccineDrive 
#Unite2FightCorona 
#AmritMahotsav https://t.co/gmjpL5nCCN",real
359,"#Unite2FightCorona
#AmritMahotsav https://t.co/7vZOOL9R2T",real
361,"#LargestVaccineDrive 
#Unite2FightCorona 
#AmritMahotsav

@PMOIndia @mansukhmandviya @ianuragthakur @DrBharatippawar @PIB_India @mygovindia @AmritMahotsav @COVIDNewsByMIB @DDNewslive @airnewsalerts https://t.co/OF6UNh5avS",real
363,"#Unite2FightCorona
#LargestVaccineDrive https://t.co/em1sdBCUKy",real
365,"#Unite2FightCorona
#LargestVaccineDrive

â¡ï¸ Indiaâ€™s Cumulative #COVID19 Vaccination Coverage exceeds 187.71 Cr (1,87,71,95,781).

â¡ï¸ Over 2.66 Cr 1st dose vaccines administered for age group 12-14 years.

https://t.co/z3XbksHXBZ https://t.co/lP9WO1XnM5",real
366,"#AmritMahotsav
#Unite2FightCorona
#LargestVaccineDrive

ğ—–ğ—¢ğ—©ğ—œğ—— ğ—™ğ—Ÿğ—”ğ—¦ğ—›

https://t.co/LtDimQidz2 https://t.co/VwJnbKR3ge",real
368,"#Unite2FightCorona 
#AmritMahotsav https://t.co/6iqZWINElX",real
370,"#LargestVaccineDrive 
#Unite2FightCorona 
#AmritMahotsav

@PMOIndia @mansukhmandviya @ianuragthakur @DrBharatippawar @PIB_India @mygovindia @COVIDNewsByMIB @AmritMahotsav @DDNewslive @airnewsalerts https://t.co/UZ2Rb7J2EO",real
371,"#LargestVaccineDrive 
#Unite2FightCorona 
#AmritMahotsav https://t.co/mHo2Q4U4DA",real
372,"#AmritMahotsav
#Unite2FightCorona
#LargestVaccineDrive

â¡ï¸ Indiaâ€™s Cumulative #COVID19 Vaccination Coverage exceeds 187.67 Cr (1,87,67,20,318).

â¡ï¸ Over 2.65 Cr 1st dose vaccines administered for age group 12-14 years.

https://t.co/P0OGE0aeee https://t.co/Q5G40Kxwlk",real
0,Dr. Anthony Fauci said lockdowns are a method for coercing people to comply with COVID-19 vaccinations.,fake
1,The Australian Technical Advisory Group on Immunisation advised that the COVID-19 vaccine may be given to patients under sedation for unrelated procedures without consent as a way to force compliance.,fake
2,Suggests ivermectin is an effective treatment for COVID-19,fake
3,Gilbert Gottfried died from the COVID-19 vaccine.,fake
4,2004 video shows Anthony Fauci is ignoring science on natural immunity with regard to COVID-19.,fake
5,Pfizer paid â€œ$2.8 million bribe paymentâ€ to the FDA for COVID-19 vaccine approval.,fake
6,Foo Fighters drummer Taylor Hawkins died from a COVID-19 vaccine.,fake
7,"""Documents were published confirming Moderna created the COVID-19 Virus.â€",fake
8,A man was arrested â€œfor wearing a T-shirt that says â€˜We The Peopleâ€™ and has a picture of the â€˜Statue of Liberty.â€™â€,fake
9,Joe Bidenâ€™s announcement that the Justice Department will name a chief prosecutor for pandemic fraud means â€œthe government is going to investigate itself.â€,fake
10,"The drug labels for the Pfizer COVID-19 vaccine â€œwere blank when they should have contained all these diseases and adverse events"" listed in a confidential report.",fake
11,"""People who have had cancer in the past, they get the COVID jab and now, they're getting cancer two to three, four months later and it's the same cancer they had except much worse.""",fake
12,Dr. Anthony Fauci has not spoken or appeared publicly for several weeks.,fake
13,CDC Director Dr. Rochelle Walensky said she gets COVID-19 reports from CNN.,fake
14,Wearing masks is â€œCOVID theaterâ€ and â€œnot doing anything.â€,fake
15,"â€œOver-vaccination causes faster mutation of the (COVID-19) virus, which causes a super virus we may not have the ability to fight off.â€",fake
16,â€œNews report accidentally reveals doctors giving â€˜bannedâ€™ COVID treatment to the Queen.â€,fake
17,The Centers for Disease Control and Prevention has amassed the â€œlargest collection of human data in historyâ€ through COVID-19 PCR tests.,fake
18,Video shows that SÃ»retÃ© du QuÃ©bec officers â€œremoved their identifying names and badge numbers from their uniforms in Ottawa.â€,fake
19,â€œAirline CEO gets pied for forcing vaccinationsâ€,fake
20,"List shows â€œ1,000 peer reviewed studies questioning COVID-19 vaccine safetyâ€",fake
21,"â€œJohns Hopkins University confirms: You can be vaccinated with a PCR test, even without knowingâ€",fake
22,"""According to Congress, travel nurses need a pay cap.â€",fake
23,"""Study proves childrenâ€™s hearts destroyed by COVID vaccine.""",fake
24,"The New York City Police Department arrested a 9-year-old ""because she didnâ€™t have a vaccine card in the museum.""",fake
25,The CDC was â€œnormalizing blood clotsâ€ by tweeting about the health condition before the Super Bowl.,fake
26,COVID-19 vaccines caused a 40% increase in deaths identified by a life insurance company.,fake
27,"COVID spelled backward is â€œdivocâ€ which means ""possession of the evil spirit"" in Hebrew.",fake
28,â€œWe all know China created COVID.â€,fake
29,Says a Washington Post headline and graphic about COVID-19 deaths are misleading.,fake
30,"In England, â€œofficial data shows children are up to 52 times more likely to die following COVID-19 vaccination than unvaccinated children.â€",fake
31,Says remdesivir is responsible for killing patients hospitalized with COVID-19.,fake
32,"Says C.S. Lewis wrote, â€œThey believed blindly everything they heard or read in the papers. They gave up their freedoms.â€",fake
33,Comedian Heather McDonald collapsed on stage as a result of the COVID-19 vaccine.,fake
34,â€œFifty percent of the Ottawa police force have all turned in their resignation.â€,fake
35,The federal government requires â€œCOVID passports to visit the movies.â€,fake
36,Joe Biden gave his used face mask to Stephen Breyer.,fake
37,"Turkey, Brazil, Britain, Sweden, Spain, Czech Republic, Mexico, El Salvador, Japan and Singapore canceled all COVID-19 quarantine procedures, testing and compulsory vaccination and are considering COVID-19 â€œjust a seasonal flu.â€",fake
38,"â€œFew, If Any, Doses of Spikevax or Comirnaty Available in United States, Despite FDA Approvalsâ€",fake
39,"Says Johns Hopkins virologist ""James Kelly"" said the COVID-19 vaccine â€œdiscriminates, divides, and judges society as it is.â€",fake
40,Research from Japan shows â€œivermectin is effective against omicron in Phase III trial.â€,fake
41,â€˜The Simpsonsâ€™ predicted Canadaâ€™s trucker convoy protest.,fake
42,â€œThe convoy in Canada has made the Guinness Book of World Records for the longest convoy.â€,fake
43,Picture shows the â€œFreedom Convoyâ€ trucks in Canada.,fake
44,"""British data show the COVID shots are an abysmal failure, as COVID infection rates in the U.K. are higher among the â€˜fully vaccinatedâ€™ in all adult cohorts.â€",fake
45,Says Jen Psaki said in January 2022 that people will start seeing direct deposits in their bank account this weekend and payments to eligible Americans will continue for several weeks.,fake
46,The CDC staged â€œthe â€˜escaping monkeysâ€™ as a cover story for releasing the next bioweapon.â€,fake
47,"Military data from 2021 show military members experienced spikes of 300% in miscarriages, almost 300% in cancer diagnoses and 1,000% in neurological issues.",fake
48,Photo shows Amish who drove 2.5 hours with the â€œFreedom Convoyâ€ to cook them food at their next stop.,fake
49,"Vaccine makers â€œare shipping lots of jabs with varying ingredients, potency & EVEN placebo lots.â€",fake
50,"""Large, peer-reviewed research study proves ivermectin worksâ€ as a COVID-19 preventative.",fake
51,â€œAll these athletes are dropping dead on the fieldâ€ after receiving the COVID-19 vaccination.,fake
52,"â€œThereâ€™s 150 I believe now â€“ itâ€™s over 100 professional athletes dead, professional athletes, the prime of their life, dropping dead that are vaccinated, right on the pitch, right on the field, right on the court.""",fake
53,"COVID-19-induced pneumonia is ""is actually mast cell degranulation of the lungs,"" a type of allergic reaction.",fake
54,President Joe Biden gave Congress an exemption from vaccine mandate,fake
55,Says Louie Anderson was flying to appear on Conan Oâ€™Brienâ€™s show when he became ill a few weeks after receiving his third vaccine dose.,fake
56,"A German doctor discovered the COVID-19 vaccines include graphene oxide or graphene hydroxide, and the full list of ingredients is secret because of the emergency use authorization.",fake
57,The CDC said that 75% of COVID-19 deaths have involved people with at least four comorbidities.,fake
58,Four players have dropped out of the Australian Open with â€œchest pains.â€,fake
59,Novak Djokovic is the first professional athlete to be banned from a major sporting event for â€œnot taking drugs.â€,fake
60,â€œIf you stop testing (for COVID-19) it all goes away and people just have colds like before.â€,fake
61,"""Even the WHO has conceded that the (SARS- CoV-2) virus â€¦ is no more dangerous than the common flu, with an infection fatality rate of 0.14%.""",fake
62,Carlos Gimenez â€œwants a national database to track you and discriminate against you.â€,fake
63,Video shows Alexandria Ocasio-Cortez pouring shots for a group of people â€œdays before testing positiveâ€ for COVID-19.,fake
64,Video shows Rafael Nadal and Roger Federer laughing at Novak Djokovic after he was stuck in an Australian airport.,fake
65,â€œThe CDC director just said that 75% of â€˜Covid deathsâ€™ occurred in people with at least four comorbidities.â€,fake
66,"""Biden's CDC Director ADMITS Her Own Employees Aren't Getting Vaccinated.""",fake
67,Says Bob Saget died from the COVID-19 vaccine.,fake
68,"â€œWe have over 100,000 children, which weâ€™ve never had before, in serious condition, and many on ventilatorsâ€ due to the coronavirus.",fake
69,â€œNo one has been hospitalized forâ€ the omicron variant of COVID-19.,fake
70,â€œData from around the world suggests that omicron favors the fully vaccinated.â€,fake
71,"If you have â€œnatural immunity,â€ getting vaccinated against COVID-19 â€œis more likely to harm you severely.â€",fake
72,"""Germany: 96% of Latest Omicron Patients were FULLY Vaccinated â€“ Only 4% Unvaccinatedâ€",fake
73,"""Half a million sharks could be killed to make the COVID-19 vaccine.""",fake
74,"When children are given vaccines for COVID-19, â€œa viral gene will be injected into your children's cells. This gene forces your childâ€™s body to make toxic spike proteins. These proteins often cause permanent damage in childrenâ€™s critical organs.""",fake
75,"Tylenol ""ruins your ability to killâ€ COVID-19.",fake
76,â€œPfizer CEO: New Pill Will Have a Microchip That Transmits Info Once You Swallow It!â€,fake
77,President Joe Biden â€œnever had aâ€ COVID-19 â€œplan.â€,fake
78,"""Yale study: Vaccinated people more likely to be infected than those without the jab.â€",fake
79,The CDC finally admits its COVID-19 test canâ€™t tell the difference between the virus and the flu,fake
80,Vaccines are why flights have been shut down worldwide.,fake
81,"COVID-19 is a synthetic version of â€œsnake venomâ€ that evil forces are spreading through remdesivir, the COVID-19 vaccines and drinking water to â€œmake you a hybrid of Satan.â€",fake
82,The COVID-19 vaccines contain â€œHIV lipid wrappers.â€,fake
83,â€œWorldwide data has confirmed the vaccinated are developing COVID vaccine-induced Acquired Immune Deficiency Syndrome.â€,fake
84,"Luc Montagnier's death is linked to his ""exposing"" that there's HIV in the COVID-19 vaccine.",fake
85,Says the FDA said that Pfizer â€œfalsely misledâ€ the agency about the safety of the COVID-19 vaccines and that the shots are killing more people than they save.,fake
86,"Says that President Joe Biden said Americans will start seeing â€œdirect deposits in their bank accounts this weekend,â€ and that Medicare recipients will get back $2,880.",fake
87,"Pfizer is ""literally using the force of government and the culture of fear to jab children under 5 â€” with zero basis in science â€” to make billions of dollars.""",fake
88,â€œThe second booster has eight strains of HIV.â€,fake
89,"â€œA grand jury trial begins into crimes against humanity"" involving a fabricated coronavirus pandemic.",fake
90,"""In Joe Bidenâ€™s America, your children are more likely to have access to a crack pipe than a mask-free education.""",fake
91,â€œNational Guard doctors find hospitals empty of COVID patients.â€,fake
92,"â€œIn New York state, if youâ€™re white, you have to go to the back of the line to get medical help.â€",fake
93,Image from news broadcast shows a hospital in France trying to pass off a mannequin as a COVID-19 patient.,fake
94,"""Total deaths from COVID MUCH LOWER than reported.â€",fake
95,"Estimated annual COVID-19 deaths in the U.S. totals 27,530, after you subtract those who died â€œwith, not fromâ€ COVID-19, not in nursing homes and who didn't have four or more comorbidities.",fake
96,"Walgreens refrigerators are scanning shoppersâ€™ hands and foreheads for â€œthe mark of the beast,â€ and that â€œif you donâ€™t have the mark later on, you wonâ€™t be able to buy.â€",fake
97,"Says Betty White said Dec. 28, days before she died, â€œEat healthy and get all your vaccines. I just got boosted today.â€",fake
98,â€œSix-month Pfizer data show COVID vaccine causes more illness than it prevents.â€,fake
