,Tweet
0,"Did you know? 
Of nearly 5.7 billion #COVID19 tests performed globally, only 20% were done in low &amp; lower middle-income countries despite them comprising half the worldâ€™s population.

ğŸ“£ We must change this now. 
#UrgencyofEquity #ACTogether 
@ACTAccelerator https://t.co/Yxtchj62Mu"
1,LIVE Q&amp;A with Dr @Kate_L_OBrien on #WorldImmunizationWeek. #AskWHO #LongLifeForAll https://t.co/tJNv6o06Kg
2,"Vaccines accompany us through our life-course &amp; protect against:
Cervical cancer
Cholera
COVID-19
Diphtheria
Ebola
Hep B
HPV
Influenza
Japanese encephalitis
Malaria
Measles
Meningitis
Mumps
Pertussis
Pneumonia
Polio
Rabies
Rotavirus
Rubella
Tetanus
Typhoid
Varicella
Yellow Fever"
3,"On #WorldMalariaDay, WHO is calling for expanded use of the RTS,S vaccine - ğŸŒ first malaria vaccine. This vaccine can save tens of thousands of lives each year. Learn moreâ–¶ï¸ https://t.co/vjmOeuS1Cd https://t.co/IDX7YhMdnZ"
4,"Today is #WorldMalariaDay.

#DYK: we can prevent and cureÂ #Malaria?
Learn about the symptoms so you know when to get help from a healthcare professional https://t.co/Lzv4wUjilk https://t.co/Osv1BDFB1w"
5,"ICYMI: play the recording of our  #WorldImmunizationWeek @TwitterSpaces chat on how vaccines offer the chance of a #LongLifeForAll with Dr @Kate_L_OBrien â¬‡ï¸ 

https://t.co/aFyztiFkBg"
6,"We are live! Join #AskWHO @TwitterSpaces chat and learn how vaccines work to enable #LongLifeForAll!

https://t.co/aFyztiFkBg"
7,"Over 9 million children ages 5â€“11 years have received at least one dose of #COVID19 vaccine.

Your participation in v-safe helps CDC monitor the safety of COVID-19 vaccines for everyone.
 
Learn more: https://t.co/S4ZmF2foa9. https://t.co/fFWJC29XuL"
8,#HCPs: Improving childhood vaccination rates is a collective effort. Learn how HCPs can work together to improve rates: https://t.co/y8gykrKeYx. https://t.co/a4hcKmR5yn
9,"Early #autism diagnosis is key to getting timely support. Progress has been made in identifying children with autism spectrum disorder at an early age. Learn the signs. Act early. https://t.co/LLoxRb38CR

#AutismAwarenessMonth #AutismAcceptanceMonth https://t.co/d3EqSjeSmT"
10,"Throughout the pandemic, the U.S. has experienced waves of #COVID19 caused by different variants. CDC closely tracks variant trends and their impact on public health. Learn more in this weekâ€™s COVID Data Tracker Weekly Review: https://t.co/F4bAyObDp1. https://t.co/bnWZ8M6lFC"
11,"As of April 21, 2022, more than 98% of the U.S. population lives in a location with a low or medium #COVID19 Community Level. 

Find your COVID-19 Community Level: https://t.co/w3365V9Zr4. https://t.co/Fmhz5RnxtP"
12,"CDC estimates that at least 2,800 people have died from flu so far this season. Help stop the spread of flu by getting your #FluVax, taking everyday preventive actions, and taking antiviral drugs if your doctor prescribes them: https://t.co/kfI18PWwiI. https://t.co/negXGsA4FX"
13,"The latest CDC #FluView report shows flu activity remains elevated, but varies across the U.S., with #flu activity highest in the northeast, south-central, and mountain regions of the country. Learn more: https://t.co/s9XLYIzBXD. https://t.co/NLaEfy6AEr"
14,"New @CDCMMWR found that for the second year, #COVID19 was third leading cause of death in US in 2021, after heart disease &amp; cancer. 

Stay up to date on your COVID-19 vaccines to help prevent serious illness and death. Learn more: https://t.co/WKQpZOueVQ. https://t.co/O6gowonFmX"
15,"New @CDCMMWR shows gaps between #COVID19 death rates decreased among most racial &amp; ethnic groups from 2020 to 2021.

Access to COVID-19 vaccination and other interventions can help address health disparities in communities across the US even more. https://t.co/KphhaPvLWJ https://t.co/PipErVW898"
16,"Raise awareness with @cdchepâ€™s #HepatitisAwarenessMonth toolkit, featuring all-new graphics and messages to help you spread the word!
https://t.co/wyXtelfgUh https://t.co/oPv3BDtadE"
17,"If youâ€™re eligible for a #COVID19 booster and havenâ€™t received one, make a plan to get one now.

Everyone ages 12 years and older should get a booster when itâ€™s time.

Find one near you: https://t.co/2akIUZ14Rd. https://t.co/eM1aACqqxh"
18,"The latest MMWR Weekly #COVID19 Briefing is live. This episode covers 3 reports, including reports highlighting COVID-19 mortality &amp; vaccine coverage in Hong Kong, Omicron infections in people previously infected w/ Delta and more. Listen &amp; subscribe: https://t.co/I9Zs1YquaF. https://t.co/GYPBWgtJtd"
19,"H5N1 bird flu continues to be detected in wild birds and poultry in the U.S. CDC is working with local, state, and federal partners to monitor people with exposures to infected birds &amp; is prepared to respond if these viruses spread to people: https://t.co/1XpBDZZdpF. https://t.co/uOkS3w9k03"
20,"More than 11,700 healthcare facilities are using electronic case reporting (eCR) for #COVID19 &amp; other reportable conditions. eCR enables real-time information exchange between healthcare &amp; public health, which is critical in public health emergencies. https://t.co/fRhIsHKoNY https://t.co/0uqK9ErjrO"
21,"New @CDCMMWR finds nat'l vaccination coverage among kindergarteners dropped below 94% for the 2020-21 school year.

Parents: Make sure your child is up to date on routine vaccinations to protect them against common &amp; sometimes serious diseases. Learn more: https://t.co/ly0blYebXw https://t.co/JmVNyEu2fT"
22,"Over 9 million children ages 5â€“11 years have received at least one dose of #COVID19 vaccine.

Enroll in v-safe so you can quickly and easily share with CDC how your child feels after getting a COVID-19 vaccine.

Learn more: https://t.co/S4ZmF2foa9. https://t.co/JW2RQIxDdm"
23,CDC nationwide health alert: A cluster of children identified w/ #hepatitis and #adenovirus infection. Physicians should be alert for symptoms &amp; report any suspected hepatitis cases of unknown origin to their local and state health departments. https://t.co/vzi2xjmKRh
24,"About 1 in 25 packages of raw chicken at the grocery store is contaminated with #Salmonella. Avoid getting sick:
 âŒ Keep raw chicken away from ready-to-eat foods, like salads
 âœ”ï¸ Cook chicken to 165Â°F

More about chicken and food poisoning: https://t.co/pDNhOzQvun. https://t.co/iUqQwN7x1O"
25,"Are you up to date on your #COVID19 vaccines?
Youâ€™re up to date on COVID-19 vaccines when youâ€™ve received all vaccines recommended for you, including additional doses and boosters when youâ€™re eligible.
Learn more: https://t.co/009bOerScg. https://t.co/CgpsD6B96c"
26,"Want to become a CDC #DiseaseDetective? ğŸ•µï¸â€â™€ï¸ğŸ•µï¸

CDCâ€™s Epidemic Intelligence Service officers go the distance to address #PublicHealth issues around the world. ğŸ‘£ 

Tag someone you think should apply &amp; submit your application by May 31: https://t.co/keaIG4cMqH. https://t.co/nMCUpFfS3R"
27,CDC continues to recommend that people wear masks in all indoor public transportation settings. See full CDC statement:  https://t.co/xY9YcSlSxr
28,"As of April 18, 2022, national forecasts predict 200â€“4,000 new #COVID19 hospitalizations will likely be reported on May 13. More: https://t.co/Xys80ZGlxV. https://t.co/QyL0jWsuxD"
29,"During Medical Laboratory Professionals Week, recognize &amp; celebrate the lab professionals in your life. ğŸ”¬ 

ğŸ“£ Tag someone you want to thank for the contributions they make to the health of patients and communities: https://t.co/AY17MoX0ZV.
#MLPW22 #LabWeek2022 https://t.co/SqEYy43scY"
30,"#HCPs: The ACIP has new recommendations on Hepatitis B, Pneumococcal &amp; Zoster vaccines. This Current Issues in Immunizations recording now available at https://t.co/lmghb6s6pC. https://t.co/QEJ6NgnYDN"
31,"Why should you stay up to date with your #COVID19 vaccines?

Staying up to date with your COVID-19 vaccines lowers your risk of getting seriously ill, being hospitalized, or dying from COVID-19.

Find your vaccine or booster: https://t.co/xbvNibdkCt."
32,#HCPs: Some of your littlest patients might have missed their routine vaccinations. Talk to their parents about getting them caught up. https://t.co/kAaLqImzUt #VaccinesWork https://t.co/4aHtrS6GYM
33,"Improvements to park, trail, and greenway infrastructure, combined with additional interventions such as structured programs or transportation connections, increase physical activity. Read the new @CPSTF recommendation: https://t.co/Da5B40Fg8W.
#CommunityGuide #ActivePeople https://t.co/Wi1BrFEa3g"
34,"#DYK? Your bodyâ€™s ability to fight off #COVID19 can decrease over time after vaccination. When this happens, a booster can help your body build back the immunity that has been lost.
More: https://t.co/77CTFuJFcO. https://t.co/C5vdNf13CW"
35,"Health communicators &amp; data practitioners: Learn how to present data in a way that shows respect for the population being studied. Read â€œDo No Harm,â€ a guide from @urbaninstitute: https://t.co/xybIfPvY4z.

#HealthLiteracy #HealthEquity https://t.co/8cOCbA7qc6"
36,"#COVID19 can make some children very sick. A new MMWR report shows among children ages 5â€“11 years hospitalized with COVID-19 during the first few months of Omicron, 3 in 10 had no underlying conditions and 2 in 10 were admitted to the ICU. Learn more: https://t.co/IUFvr9HBt8. https://t.co/2W19KlpQSj"
37,ICMR-NIIH developed a simple and rapid diagnostic kit for Haemophilia and von Willebrand disease (vWD). @MoHFW_INDIA @DeptHealthRes @AmritMahotsav @makeinindia @IcmrNiih https://t.co/SRXRclHrMN
38,COVID-19 Testing Update. For more details visit: https://t.co/dI1pqvXAsZ @MoHFW_INDIA @DeptHealthRes @PIB_India @mygovindia @COVIDNewsByMIB #ICMRFIGHTSCOVID19 #IndiaFightsCOVID19 #CoronaUpdatesInIndia #COVID19 #Unite2FightCorona https://t.co/2DpGLs9qtl
39,"Malaria and other vector-borne diseases are completely preventable! Starting this #WorldMalariaDay, let us use simple, protective techniques and support Indiaâ€™s efforts towards reaching the #ZeroMalariaTarget #ICMR4NewIndia https://t.co/tQj5d3UO4q"
40,COVID-19 Testing Update. For more details visit: https://t.co/dI1pqwfJH7 @MoHFW_INDIA @DeptHealthRes @PIB_India @mygovindia @COVIDNewsByMIB #ICMRFIGHTSCOVID19 #IndiaFightsCOVID19 #CoronaUpdatesInIndia #COVID19 #Unite2FightCorona https://t.co/93CsWLs5Fj
41,COVID-19 Testing Update. For more details visit: https://t.co/dI1pqwfJH7 @MoHFW_INDIA @DeptHealthRes @PIB_India @mygovindia @COVIDNewsByMIB #ICMRFIGHTSCOVID19 #IndiaFightsCOVID19 #CoronaUpdatesInIndia #COVID19 #Unite2FightCorona https://t.co/uO4B1J2JRe
42,COVID-19 Testing Update. For more details visit: https://t.co/dI1pqwfJH7 @MoHFW_INDIA @DeptHealthRes @PIB_India @mygovindia @COVIDNewsByMIB #ICMRFIGHTSCOVID19 #IndiaFightsCOVID19 #CoronaUpdatesInIndia #COVID19 #Unite2FightCorona https://t.co/ADVMmmIJoG
43,COVID-19 Testing Update. For more details visit: https://t.co/dI1pqwfJH7 @MoHFW_INDIA @DeptHealthRes @PIB_India @mygovindia @COVIDNewsByMIB #ICMRFIGHTSCOVID19 #IndiaFightsCOVID19 #CoronaUpdatesInIndia #COVID19 #Unite2FightCorona https://t.co/8dVkHtrrwq
44,COVID-19 Testing Update. For more details visit: https://t.co/dI1pqwfJH7 @MoHFW_INDIA @DeptHealthRes @PIB_India @mygovindia @COVIDNewsByMIB #ICMRFIGHTSCOVID19 #IndiaFightsCOVID19 #CoronaUpdatesInIndia #COVID19 #Unite2FightCorona https://t.co/fBaAdAySdR
45,COVID-19 Testing Update. For more details visit: https://t.co/dI1pqwfJH7 @MoHFW_INDIA @DeptHealthRes @PIB_India @mygovindia @COVIDNewsByMIB #ICMRFIGHTSCOVID19 #IndiaFightsCOVID19 #CoronaUpdatesInIndia #COVID19 #Unite2FightCorona https://t.co/YJc4ikV9fh
46,COVID-19 Testing Update. For more details visit: https://t.co/dI1pqwfJH7 @MoHFW_INDIA @DeptHealthRes @PIB_India @mygovindia @COVIDNewsByMIB #ICMRFIGHTSCOVID19 #IndiaFightsCOVID19 #CoronaUpdatesInIndia #COVID19 #Unite2FightCorona https://t.co/EYHFHhTUsk
47,COVID-19 Testing Update. For more details visit: https://t.co/dI1pqwfJH7 @MoHFW_INDIA @DeptHealthRes @PIB_India @mygovindia @COVIDNewsByMIB #ICMRFIGHTSCOVID19 #IndiaFightsCOVID19 #CoronaUpdatesInIndia #COVID19 #Unite2FightCorona https://t.co/A83p7KmVYE
48,COVID-19 Testing Update. For more details visit: https://t.co/dI1pqwfJH7 @MoHFW_INDIA @DeptHealthRes @PIB_India @mygovindia @COVIDNewsByMIB #ICMRFIGHTSCOVID19 #IndiaFightsCOVID19 #CoronaUpdatesInIndia #COVID19 #Unite2FightCorona https://t.co/icXTHzQOBK
49,COVID-19 Testing Update. For more details visit: https://t.co/dI1pqwfJH7 @MoHFW_INDIA @DeptHealthRes @PIB_India @mygovindia @COVIDNewsByMIB #ICMRFIGHTSCOVID19 #IndiaFightsCOVID19 #CoronaUpdatesInIndia #COVID19 #Unite2FightCorona https://t.co/zVCKVQg6oq
50,COVID-19 Testing Update. For more details visit: https://t.co/dI1pqwfJH7 @MoHFW_INDIA @DeptHealthRes @PIB_India @mygovindia @COVIDNewsByMIB #ICMRFIGHTSCOVID19 #IndiaFightsCOVID19 #CoronaUpdatesInIndia #COVID19 #Unite2FightCorona https://t.co/wz1w2bJRhO
51,COVID-19 Testing Update. For more details visit: https://t.co/dI1pqwfbRz @MoHFW_INDIA @DeptHealthRes @PIB_India @mygovindia @COVIDNewsByMIB #ICMRFIGHTSCOVID19 #IndiaFightsCOVID19 #CoronaUpdatesInIndia #COVID19 #Unite2FightCorona https://t.co/pTqnSd2PDL
52,"Cardiac issues &amp; COVID: New data
https://t.co/uiAFfeCSFH"
53,New Orleans nephrologist @DrBaudy IV brews a no-salt hot sauce that packs a punch but is kind on the kidneys. https://t.co/JRz3XZCgbS ğŸŒ¶ï¸
54,"An overall 9-fold increase in COVID antibodies with a longer interval between first and second doses of the Pfizer/BioNTech (BNT162b2) vaccine, according to data from the SIREN study. https://t.co/4XKeyyDFjj #ECCMID2022"
55,"The first causal evidence relating lack of sleep to abdominal obesity and dangerous visceral, or ""belly"" fat has been found in a controlled investigation of sleep-deprived young adults. https://t.co/jasZO4NvjC"
56,Don't miss our infographic highlighting key information on the latest physician income trends from the Medscape Physician Compensation Report 2022: https://t.co/2w8Lvum9zk
57,"A 36-year-old man is tired, thirsty, and has leg cramps. He's been told he has diabetes and hypertension, yet he can't seem to drop weight. What is your diagnosis? https://t.co/bsJn6xHEvY"
58,"Are you confident that you could recognize and treat #hypothyroidism? 
https://t.co/lYrwwlfhAx #MedTwitter"
59,The presence of mental and physical health conditions worsens the prognosis of many other chronic conditions. Review the key clinical findings from the latest research to ensure you are up to date. https://t.co/I3G3EOnzCd #MedTwitter
60,A pair of new studies offers more evidence for the value of vegetables and the risk of red meat on the cancer prevention front. https://t.co/J1Of1YGeWY
61,Skincare products containing #goatmilk linked to new-onset food allergy https://t.co/FO5nNNPoGW #DermTwitter https://t.co/h0Yg6kCcPC
62,A 35-year-old man comes to the clinic with new headaches that worsen when he stands and resolve when he lies down. https://t.co/hraI4Z6pL3 #MedTwitter
63,Remembering Dr. Faith Fitzgerald https://t.co/4nwQLQKxwC
64,Cheap and noninvasive: Detecting HPV in sanitary pads https://t.co/ODu8PfScL0 https://t.co/H8p5KJVuko
65,U.S. COVID transmission from animals to humans: Study results https://t.co/DTRXK3lFvB
66,Pickle juice found to ease muscle cramps https://t.co/YXuzMucAnH https://t.co/UI7AzAohdp
67,A Virginia physician assistant entered a plea of not guilty to a murder charge in connection with a gruesome slaying of another PA. https://t.co/8Z4kxYvNWf
68,Is there a link between COVID-19 cases or vaccinations and the increased reports of thyroid autoimmunity and its complications? https://t.co/0pQZ324diU
69,Is intermittent fasting a 'waist' of time? https://t.co/iabsSP311y #MedTwitter
70,An interview with @Scienceofsport on the science and the colliding rights of fairness and inclusion. https://t.co/MswJ69sDNH
71,FDA is advising against buying or using certain dietary supplements sold with variations of the names 'Artri' or 'Ortiga' because of potentially harmful ingredients not mentioned on labels. https://t.co/DAetuJ1Nnj https://t.co/KtMDyaBmz3
72,"Women in rheumatology: A look back, a look forward https://t.co/GRewTdlCi1 https://t.co/vgbwXeFRxk"
73,"Small HDL particles in cerebrospinal fluid may help protect against Alzheimer's disease, new research suggests. https://t.co/NDL4twEGYl"
74,Stanford's Benjamin Pinsky on the potential for even more transmissible and pathogenic versions of the SARS-CoV-2 virus to arise. https://t.co/Dce4CLACO3
75,"Do you know the latest on triggers to avoid, key aspects of presentation, and best practices for diagnosing and managing AFib? https://t.co/jHR5HLzckO #CardioTwitter"
76,A patient presents to the ED with loose stools and 'brain fog.' Is it celiac or something else? https://t.co/azUhR1Lgfv
77,"A patient presents with bilateral arm pain and has trouble grasping objects. Yesterday, he began having trouble emptying his bladder. https://t.co/HJAcCLpFqt"
78,"Use of antiseizure medications while breastfeeding is not associated with differences in child cognitive outcomes at age 3, according to new results from MONEAD study.
https://t.co/z5BRo3yANY #AANAM"
79,"New research suggests that chemotherapy treatments for recurrent high-grade gliomas indicated by an assay-guided tool called ChemoID can boost median survival, compared with physician choice. https://t.co/R0Ubnm8teL #AACR22 https://t.co/h997ql0RoS"
80,A new AGA Clinical Practice Update for evaluation and management of GERD focuses on delivering personalized diagnostic and therapeutic strategies. https://t.co/anzObePKg1 https://t.co/UrISC9nnJI
81,"More than 40 medical conditions were positively associated with having a new diagnosis of #osteoarthritis, according to research presented at #OARSI2022. https://t.co/O94BsIsSTW"
82,Survey showed that US physicians oppose sanctioning of Russian colleagues by medical societies. https://t.co/MghLRA0NE8
83,Physicians treating Hodgkin lymphoma should not delay allo-HCT over fears of checkpoint inhibitor-related graft-versus-host disease. https://t.co/wjrSrjPklk
84,"An immunocompromised patient battled COVID for 505 days, the longest known to date.
https://t.co/bVyH2hui6v https://t.co/vvcVsAKFl9"
85,"Doc charged with gruesome murder, patients 'shocked'
https://t.co/2duYM6Ee64"
86,"Cannabis use may be linked to dementia risk
https://t.co/lmxfnOqq2d"
87,"Next-generation vaccines, and a lot more money, are needed now to crack the stalemate in the fight against #malaria. https://t.co/SyOtFNp7qa https://t.co/5QVoYTpzAj"
88,The @AASMorg recommends that melatonin not be used for insomnia in adults or children while evaluating its safety. https://t.co/GOCny3YTYI
89,Tips for #malpractice risk reduction: Dr Feldman's 3 P's https://t.co/BvQy8qU0H7
90,"Drug reps had big expense budgets in their heydey and would wine and dine physicians, and it's unlikely things will ever be the same. https://t.co/VAWLg7d8rS #TwitteRx"
91,"Transmitted by the bite of the aggressive â€œlone starâ€ tick, Heartland virus is on the move, spreading from Missouri to Georgia. https://t.co/hxfy0Qg3R5"
92,"Russia's security services have foiled a plot to kill a ""famous"" TV journalist, according to Vladimir Putin https://t.co/rz3E1UrYk2"
93,"P&amp;O Ferries plans to resume passenger sailings operating between Dover and Calais in the next few days, amid accusations that it tried to further reduce the wages of seafarers https://t.co/s6U180tGC9"
94,"Ditching the UK's net zero climate commitment would cost the Conservatives 1.3 million votes, a think tank has warned https://t.co/7zOMIh3Zv6"
95,'Forgotten' cask of rare whisky becomes most expensive ever sold at auction https://t.co/QVjRUHUy1M
96,The Gone Girl star has urged people to support a charity that uses highly trained staff and special machinery to find and destroy bombs left over from the Vietnam War https://t.co/8S4U18scw1
97,Cost of living: The four simple changes you can make to save Â£400 on your energy bills https://t.co/CT5F2GZlFg
98,"""If Russia stops fighting there will be peace. If Ukraine stops fighting, there will be no more Ukraine"".

Defence Secretary Ben Wallace says the Ukrainian people are ""fighting for their very lives"".

https://t.co/HsBpdVtHNq

ğŸ“º Sky 501, Virgin 602, Freeview 233 and YouTube https://t.co/q0RZ3YrC6E"
99,"Defence Secretary Ben Wallace has announced that the UK is to 
'gift Ukraine' with a ""small number of armoured vehicles fitted with launchers for anti-air missiles.""

Latest on Ukraine: https://t.co/WV1fFhmQYU

ğŸ“º Sky 501, Virgin 602, Freeview 233 and YouTube https://t.co/3Sb1vf7R0K"
100,Pub opening hours extended to mark Queen's Platinum Jubilee https://t.co/JJpnWURrf0
101,"The Blues' next controlling shareholders will have to sign a contractual agreement not to sell any of their shares in the club for at least a decade, Sky News learns https://t.co/HSBgCKwpYe"
102,Jamal Edwards' mother Brenda Edwards details the SBTV founder's final moments in emotional interview https://t.co/s4Qf8FOxO4
103,A female and a male tiger were found dead on Sunday with leg injuries caused by a snare trap near a palm oil plantation https://t.co/PkaL2eHKtH
104,Cowboys will still be in football - but the game might be getting a new sheriff https://t.co/VRUEfwsokD
105,Independent football regulator set for football amid warning delay could be 'catastrophic' for the game https://t.co/U7giTLSowh
106,"ğŸ“º Sky 501, Virgin 602, Freeview 233 and YouTube https://t.co/eZXy8rfXYz"
107,Anzac Day: Duchess of Cambridge makes surprise appearance with Prince William at Westminster Abbey service https://t.co/VnPZbiaXPe
108,"Ukraine war: Russia foils 'terrorist' plot to kill TV journalist, Vladimir Putin claims https://t.co/o5HZDLyKqE"
109,"BREAKING: House of Commons Speaker, Sir Lindsay Hoyle, makes a statement on the Mail on Sunday article about Deputy Labour leader Angela Rayner. 

Latest: https://t.co/4nArb9ZyLV

ğŸ“º Sky 501, Virgin 602, Freeview 233 and YouTube https://t.co/yYTvQLzDFu"
110,P&amp;O Ferries to resume Dover to Calais sailings with passenger services next week https://t.co/y6V4FtuuCs
111,First same-sex marriage held in British Antarctic Territory as research ship's crew tie the knot https://t.co/q4lDvlcUva
112,Burger King plans 200 new restaurants in the UK over next five years https://t.co/eHXh5FQV8g
113,"Many people in Britain are facing an increase in energy bills, council tax and the effects of a national insurance tax rise - as well as inflation hitting a 30-year-high of 7% earlier this month https://t.co/xxXMonynbe"
114,Malandra Burrows: Former Emmerdale star reveals breast cancer diagnosis https://t.co/h9cHwP7JeS
115,"Passengers are expected to start using the self-driving bus this summer as Scotland begins testing the ""hugely exciting project"" https://t.co/stqeAsiKLF"
116,Google Docs criticised for 'woke' inclusive language suggestions https://t.co/GAGmJV39MD
117,"""It's a sensible thing to add fans into the boardroom.""

Former chief executive of the FA, Mark Palios says it is possible to find value in giving fans a seat at the table.

Today's top stories: https://t.co/iOm40vn1kt

ğŸ“º Sky 501, Virgin 602, Freeview 233 and YouTube https://t.co/4J2B9VI02J"
118,"Oil prices have hit near two-week lows, with analysts pointing to events in China and the US as possible reasons for a fall in demand https://t.co/gqRUTasta9"
119,Businessmen return from $55m trip to space station after over-staying by a week https://t.co/23AszcOgMx
120,"Emmanuel Macron may have defeated Le Pen, but many of the issues raised during the campaign may force him to focus his energies more on domestic issues.

ğŸ‡«ğŸ‡· Sky News looks at some elements of Macron's vision ğŸ‘‡"
121,"""Is there any circumstance in which you would look at reports and say 'okay, I'll quit'?""

Speaking at Bury F.C, the PM says he will not comment until the report is complete and congratulates fans on getting their club ""back up and running.""

https://t.co/iOm40vn1kt

ğŸ“º Sky 501 https://t.co/FtLNIeIhG1"
122,"Prime Minister Boris Johnson says he is ""very reassured"" of the unity of the west and NATO against Russia after Emmanuel Macron beat Marine Le Pen in the French presidential election.

Latest: https://t.co/jT2hsa4dn1

ğŸ“º Sky 501, Virgin 602, Freeview 233 and YouTube https://t.co/euEL3BLLDU"
123,"Prime Minister Boris Johnson has described comments about Angela Rayner, made by an anonymous Conservative MP to the Mail on Sunday, as ""misogynistic tripe"" that is ""totally intolerable"".

Read more: https://t.co/FwabPsNklt

ğŸ“º Sky 501, Virgin 602, Freeview 233 and YouTube https://t.co/0QIHZ5hLpc"
124,"Almost nine out of 10 adults say they have seen a rise in their cost of living - compared with 62% in November last year, according to new figures https://t.co/SaZBIN1ldw"
125,"People in Beijing have stockpiled food and other supplies, as the city's biggest district began mass testing residents amid a new outbreak of coronavirus https://t.co/9tQJcMjUTO"
126,US eyes 'weakened' Russian military - as Putin says 'Western plot' to kill Russian journalists foiled https://t.co/X06r1CmD1F
127,Indonesia: Three Sumatran tigers killed after getting caught in traps - as numbers dwindle to about 400 https://t.co/n9Dz1A1fgB
128,"The winners of the BAFTA Television Craft Awards have been announced, with murder drama Landscapers and music comedy We Are Lady Parts dominating the event https://t.co/GwE2y2tC4e"
129,Rosamund Pike: Actress backs campaign for team of women to clear unexploded landmines in Laos https://t.co/AHQGG2Uu1H
130,".@IanKingSky looks at what another five years of Emmanuel Macron as president will mean for France's economy, and talks to Tim Bannister from Rightmove about another record-high for house prices.

ğŸ§ Listen here ğŸ‘‰ https://t.co/gw0OBllPJp"
131,"#NCDCPublicationğŸ“š

Timely access to emergency funding has been identified as a bottleneck in Nigeria's outbreak response. 

In February 2019, through partnerships with @AfenetNigeria and @ResolveTSL, we established a Revolving Outbreak Investigation Fund (ROIF). https://t.co/q6dOdUWE6S"
132,"Malaria, like several other diseases, is preventable by harnessing disease-burden reduction innovations.

This #WorldMalariaDay2022, we join our voice with the global community to call for investments that bring new approaches to ensure resilient &amp; equitable health systems. https://t.co/NxrBhLzgQ5"
133,"Despite the decline in #COVID19 cases, Nigerians are encouraged to refrain from non-essential gatherings.

Comply with #COVID19 interventions guidelines such as the MANDATORY use of face masks in public settings.

ğŸ”—Guidelines:
https://t.co/UTFlBUq3vp

#TakeResponsibility https://t.co/qpWu21JyhG"
134,"We must awaken to the reality that #COVID19 is one out of numerous public health emergencies that we face.

We must continue to invest in improving #Nigeriaâ€™s health security for current and future public health emergencies. https://t.co/7qZ8H62O41"
135,"ğŸ“š

@TheLancet commissioned a study that comprehensively assessed the global burden of bacterial #AntimicrobialResistance:
https://t.co/PfMW954SpI

Our epidemiologist, @beeodune writes about the implications of this study results for Nigeria.

ğŸ”—Read via
https://t.co/RsoAaX1bLb https://t.co/Zupgzl2rS6"
136,"6 new confirmed cases of #COVID19Nigeria;

Lagos-2
Rivers-2
Bauchi-1
Nasarawa-1

255,685 confirmed 
249,890 discharged 
3,143 deaths 

#TakeResponsibility https://t.co/U7YVASgJTM"
137,"#TodayInNCDC

We received representatives of the @LSHTM Nigeria Alumni on a courtesy visit to our headquarters.

Everyone - government, private &amp; public sector, communities, health practitioners &amp; individuals -have a role to play to strengthen public health in Nigeria &amp; globally. https://t.co/NDqryJo6tY"
138,"#Lassafever can be transmitted by food that has been contaminated by the urine and faeces of infected rats.

â¡ Cook foods properly before eating.

â¡ Store foods away from animals

#TakeResponsibility https://t.co/6hyT9emx6M"
139,"Washing your hands is still an effective way to reduce the spread of #COVID19 and other infectious diseases.

Be sure to wash your hands frequently with soap under running water.

If water is not available, use a hand sanitiser.

#TakeResponsibility https://t.co/KqewGHQtHL"
140,"Healthcare workers are advised to always practice standard infection prevention and control measures.

Wear gloves and other appropriate personal protective equipment while providing care to a patient or relative.

#LassaFeverInfo https://t.co/37w2d9KeR1"
141,"Masks are still a key way to prevent the spread of #COVID19. 

When you wear a mask in public domains and indoor gatherings. 

Ensure it's fitted properly over your mouth and nose.

#TakeResponsibility https://t.co/12S2OUhoAK"
142,"9 new confirmed cases of #COVID19Nigeria;

FCT-6
Lagos-3

255,679 confirmed 
249,886 discharged 
3,143 deaths 

#TakeResponsibility https://t.co/2bb0dtNSjd"
143,"ğŸ“š

#AntimicrobialResistance poses one of the greatest threats to human health in sub-Saharan Africa

Our Field Epid, @beeodune carried out a comprehensive estimate of the burden of AMR &amp; writes about the implications of the study results for Nigeria

Read
https://t.co/RsoAaX1bLb https://t.co/5PriiB4Pmu"
144,"Here are simple &amp; effective actions to take to help protect yourself, family &amp; community against #COVID19.

ğŸ’‰#GetVaccinated
ğŸ˜·Wear a face mask in public &amp; indoor gatherings
ğŸŒ¬ï¸Keep spaces well ventilated
ğŸ§¼ Wash your hands frequently
ğŸ¤’ Stay at home when ill

#TakeResponsibility https://t.co/EpUMetum7A"
145,"#NCDCPublicationğŸ“š

Several disease outbreaks have been recorded in Nigeria in the last 10 years with imported cases of #Ebola in 2014, annual outbreaks of #YellowFever, #LassaFever, #CerebrospinalMeningitis, #cholera, #measles, and most recently, #COVID19. https://t.co/gE6DHqoANt"
146,"#Lassafever is a zoonotic disease transmitted through direct or indirect contact with rats.

Practice personal and environmental hygiene to prevent the infestation of rats in our homes and communities.

#TakeResponsibility https://t.co/KvRNDswYI5"
147,"The overall goal of Infection Prevention &amp; Control is to maintain an environment of care that minimises risks of infection for patients, staff &amp; visitors

These #IPC guidelines must be practised by all #HCWs in public &amp; private primary, secondary &amp; tertiary healthcare facilities. https://t.co/ngzyFYASbY"
148,"22 new confirmed cases of #COVID19Nigeria;

Lagos-10
Nasarawa-6
FCT-3
Rivers-3

255,670 confirmed 
249,879 discharged 
3,143 deaths 

#TakeResponsibility https://t.co/OptwsncdgM"
149,"#Lassafever is preventable.

Be a guardian of proper hand hygiene in your community

Promote frequent #handwashing with soap and running water. https://t.co/NDAOGSZRBb"
150,"Infection Prevention &amp; Control #IPC is fundamental to the delivery of safe healthcare by workers and the provision
of safe services for patients.

Effective #IPC implementation is critical to preventing the spread of healthcare-associated infections.

ğŸ”— https://t.co/AvWwV4SqC9 https://t.co/ls6k893mTt"
151,"Our weekly #COVID19Nigeria situation report(Epi Week 14) has been published.

The weekly #COVID19 situation reports provide a summary of the epidemiological situation, datasheet &amp; response activities in Nigeria.

Download:
https://t.co/Xo1WG4QDYT

#TakeResponsibility https://t.co/psRWASoFyc"
152,Get vaccinated. #YesToCOVID19Vaccine https://t.co/S19HscpPsu
153,"#HappyEaster Nigeria!

We wish you and your loved ones a happy, safe and healthy celebration! https://t.co/T8AmQJIjoE"
154,"Our latest #LassaFever situation report (epidemiological week 14) has been published.

Read via https://t.co/bJgujjVUGH https://t.co/t5GAZhRUcZ"
155,"2 new confirmed cases of #COVID19Nigeria;

Delta-1
Rivers-1

255,648 confirmed 
249,847 discharged 
3,143 deaths https://t.co/6B55DzPcKe"
156,"#IndiaFightsCorona:

#COVID19 UPDATE (As on 25th April, 2022) 

â¡ï¸2,541 daily new cases in the last 24 hours 

â¡ï¸Daily positivity rate - 0.84%

#Unite2FightCorona 
#We4Vaccine 

1/4 https://t.co/VxaaJORegE"
157,"#IndiaFightsCorona:

ğŸ“More than 3 Lakh (3,02,115) #COVID19 samples tested in the last 24 hours.

âœ…Together, we can win the battle against COVID-19.

â¡#StaySafe and follow #COVIDAppropriateBehaviour 

#Unite2FightCorona 
#We4Vaccine https://t.co/erjpXe0g9r"
158,"#IndiaFightsCorona:

ğŸ“#COVID19 Active Cases in India (As on 25th April, 2022): 16,522

âœ…Keep following #COVIDAppropriateBehaviour 

â¡ï¸Always wear a mask
â¡ï¸Wash/sanitize hands regularly
â¡ï¸Maintain distancing
â¡ï¸Get yourself fully vaccinated

#We4Vaccine
#Unite2FightCorona https://t.co/ZOcq235D8V"
159,"#IndiaFightsCorona:

ğŸ“ğ‘´ğ’ğ’“ğ’† ğ’•ğ’‰ğ’‚ğ’ 3 lakh (3,64,210) ğ’—ğ’‚ğ’„ğ’„ğ’Šğ’ğ’† ğ’…ğ’ğ’”ğ’†ğ’” ğ’‚ğ’…ğ’ğ’Šğ’ğ’Šğ’”ğ’•ğ’†ğ’“ğ’†ğ’… ğ’Šğ’ ğ’•ğ’‰ğ’† ğ’ğ’‚ğ’”ğ’• 24 ğ’‰ğ’ğ’–ğ’“ğ’”.

â˜‘ï¸Together we can win the battle against #COVID19.

#We4Vaccine
#LargestVaccinationDrive
#Unite2FightCorona https://t.co/MRKMVrHIKW"
160,"#IndiaFightsCorona:

ğŸ“New #COVID19 cases in last 24 hours (As on 25th April, 2022): 2,541

âœ…Keep following #COVIDAppropriateBehaviour

â¡ï¸Always wear a mask
â¡ï¸Wash/sanitize hands regularly
â¡ï¸Maintain distancing
â¡ï¸Get yourself fully vaccinated

#We4Vaccine
#Unite2FightCorona https://t.co/mnZFmh1wGI"
161,"#IndiaFightsCorona:

â¡ï¸ Indiaâ€™s Cumulative #COVID19 Vaccination Coverage exceeds 187.71 Cr (1,87,71,95,781).

â¡ï¸ Over 2.66 Cr 1st dose vaccines administered for age group 12-14 years.

#Unite2FightCorona 
#We4Vaccine https://t.co/3u1PtlvMqV"
162,"#IndiaFightsCorona:

#ğ‚ğğ•ğˆğƒğŸğŸ— ğ•ğšğœğœğ¢ğ§ğšğ­ğ¢ğ¨ğ§ ğ”ğğƒğ€ğ“ğ„

â¡ï¸ More than 192.74 Cr vaccine doses provided to States/UTs

â¡ï¸ More than 19.93 Cr doses still available with States/UTs to be administered

Details: https://t.co/KWsip6ycNS

#Unite2FightCorona 
#We4Vaccine https://t.co/0MQd4M5wxf"
163,"#IndiaFightsCorona:

â¡ï¸ Indiaâ€™s Cumulative #COVID19 Vaccination Coverage exceeds 187.26 Cr (1,87,26,26,515).

â¡ï¸ Over 2.57 Cr 1st dose vaccines administered for age group 12-14 years.

#Unite2FightCorona 
#We4Vaccine https://t.co/MYzPbTSf8n"
164,"#IndiaFightsCorona:

#ğ‚ğğ•ğˆğƒğŸğŸ— ğ•ğšğœğœğ¢ğ§ğšğ­ğ¢ğ¨ğ§ ğ”ğğƒğ€ğ“ğ„

â¡ï¸ More than 192.40 Cr vaccine doses provided to States/UTs

â¡ï¸ More than 20.10 Cr doses still available with States/UTs to be administered

Details: https://t.co/I3QiygGIZr

#Unite2FightCorona 
#We4Vaccine https://t.co/DQrQTmZrda"
165,"#IndiaFightsCorona:

#COVID19 UPDATE (As on 22nd April, 2022) 

â¡ï¸2,451 daily new cases in the last 24 hours 

â¡ï¸Daily positivity rate - 0.55%

#Unite2FightCorona 
#We4Vaccine 

1/4 https://t.co/W1koPWDXZh"
166,"#IndiaFightsCorona:

ğŸ“More than 4 Lakh (4,48,939) #COVID19 samples tested in the last 24 hours.

âœ…Together, we can win the battle against COVID-19.

â¡#StaySafe and follow #COVIDAppropriateBehaviour 

#Unite2FightCorona 
#We4Vaccine https://t.co/mm1Hyy1UI6"
167,"#IndiaFightsCorona:

ğŸ“#COVID19 Active Cases in India (As on 22nd April, 2022): 14,241

âœ…Keep following #COVIDAppropriateBehaviour 

â¡ï¸Always wear a mask
â¡ï¸Wash/sanitize hands regularly
â¡ï¸Maintain distancing
â¡ï¸Get yourself fully vaccinated

#We4Vaccine
#Unite2FightCorona https://t.co/B5xMJdmv5Z"
168,"#IndiaFightsCorona:

ğŸ“ğ‘´ğ’ğ’“ğ’† ğ’•ğ’‰ğ’‚ğ’ 18 lakh (18,03,558) ğ’—ğ’‚ğ’„ğ’„ğ’Šğ’ğ’† ğ’…ğ’ğ’”ğ’†ğ’” ğ’‚ğ’…ğ’ğ’Šğ’ğ’Šğ’”ğ’•ğ’†ğ’“ğ’†ğ’… ğ’Šğ’ ğ’•ğ’‰ğ’† ğ’ğ’‚ğ’”ğ’• 24 ğ’‰ğ’ğ’–ğ’“ğ’”.

â˜‘ï¸Together we can win the battle against #COVID19.

#We4Vaccine
#LargestVaccinationDrive
#Unite2FightCorona https://t.co/Qk2wYxlSHY"
169,"#IndiaFightsCorona:

ğŸ“New #COVID19 cases in last 24 hours (As on 22nd April, 2022): 2,451

âœ…Keep following #COVIDAppropriateBehaviour

â¡ï¸Always wear a mask
â¡ï¸Wash/sanitize hands regularly
â¡ï¸Maintain distancing
â¡ï¸Get yourself fully vaccinated

#We4Vaccine
#Unite2FightCorona https://t.co/ygHAsVJ4aH"
170,"#IndiaFightsCorona:

ğŸ“#COVID19 Active Cases in India (As on 21st April, 2022): 13,433

âœ…Keep following #COVIDAppropriateBehaviour 

â¡ï¸Always wear a mask
â¡ï¸Wash/sanitize hands regularly
â¡ï¸Maintain distancing
â¡ï¸Get yourself fully vaccinated

#We4Vaccine
#Unite2FightCorona https://t.co/VNba7XeQ19"
171,"#IndiaFightsCorona:

ğŸ“ğ‘´ğ’ğ’“ğ’† ğ’•ğ’‰ğ’‚ğ’ 15 lakh (15,47,288) ğ’—ğ’‚ğ’„ğ’„ğ’Šğ’ğ’† ğ’…ğ’ğ’”ğ’†ğ’” ğ’‚ğ’…ğ’ğ’Šğ’ğ’Šğ’”ğ’•ğ’†ğ’“ğ’†ğ’… ğ’Šğ’ ğ’•ğ’‰ğ’† ğ’ğ’‚ğ’”ğ’• 24 ğ’‰ğ’ğ’–ğ’“ğ’”.

â˜‘ï¸Together we can win the battle against #COVID19.

#We4Vaccine
#LargestVaccinationDrive
#Unite2FightCorona https://t.co/uNIEnxskQG"
172,"#IndiaFightsCorona:

ğŸ“New #COVID19 cases in last 24 hours (As on 21st April, 2022): 2,380

âœ…Keep following #COVIDAppropriateBehaviour

â¡ï¸Always wear a mask
â¡ï¸Wash/sanitize hands regularly
â¡ï¸Maintain distancing
â¡ï¸Get yourself fully vaccinated

#We4Vaccine
#Unite2FightCorona https://t.co/MyvjUMixdZ"
173,"#IndiaFightsCorona:

#COVID19 UPDATE (As on 20th April, 2022) 

â¡ï¸2,067 daily new cases in the last 24 hours 

â¡ï¸Daily positivity rate - 0.49%

#Unite2FightCorona 
#We4Vaccine 

1/4 https://t.co/jzyTBuG5rt"
174,"#IndiaFightsCorona:

ğŸ“More than 4 Lakh (4,21,183) #COVID19 samples tested in the last 24 hours.

âœ…Together, we can win the battle against COVID-19.

â¡#StaySafe and follow #COVIDAppropriateBehaviour 

#Unite2FightCorona 
#We4Vaccine https://t.co/yc28Mv8Df7"
175,"#IndiaFightsCorona:

ğŸ“#COVID19 Active Cases in India (As on 20th April, 2022): 12,340

âœ…Keep following #COVIDAppropriateBehaviour 

â¡ï¸Always wear a mask
â¡ï¸Wash/sanitize hands regularly
â¡ï¸Maintain distancing
â¡ï¸Get yourself fully vaccinated

#We4Vaccine
#Unite2FightCorona https://t.co/cQOBSlVTu3"
176,"#IndiaFightsCorona:

ğŸ“ğ‘´ğ’ğ’“ğ’† ğ’•ğ’‰ğ’‚ğ’ 17 lakh (17,23,733) ğ’—ğ’‚ğ’„ğ’„ğ’Šğ’ğ’† ğ’…ğ’ğ’”ğ’†ğ’” ğ’‚ğ’…ğ’ğ’Šğ’ğ’Šğ’”ğ’•ğ’†ğ’“ğ’†ğ’… ğ’Šğ’ ğ’•ğ’‰ğ’† ğ’ğ’‚ğ’”ğ’• 24 ğ’‰ğ’ğ’–ğ’“ğ’”.

â˜‘ï¸Together we can win the battle against #COVID19.

#We4Vaccine
#LargestVaccinationDrive
#Unite2FightCorona https://t.co/23hYjPlOOq"
177,"#IndiaFightsCorona:

ğŸ“New #COVID19 cases in last 24 hours (As on 20th April, 2022): 2,067

âœ…Keep following #COVIDAppropriateBehaviour

â¡ï¸Always wear a mask
â¡ï¸Wash/sanitize hands regularly
â¡ï¸Maintain distancing
â¡ï¸Get yourself fully vaccinated

#We4Vaccine
#Unite2FightCorona https://t.co/HqguKwGl2B"
178,"#LargestVaccineDrive #AmritMahotsav

â¡ï¸Indiaâ€™s cumulative vaccination coverage crosses 187.92 Crore 

â¡ï¸More than 20 lakh Vaccine doses administered today till 7 pm

https://t.co/dDdLYUwPS7 https://t.co/Mgz9etbbJR"
179,"#Unite2FightCorona
#AmritMahotsav https://t.co/7vZOOL9R2T"
180,"#LargestVaccineDrive
#AmritMahotsav https://t.co/v48pXIYKuk"
181,"#LargestVaccineDrive 
#Unite2FightCorona 
#AmritMahotsav

@PMOIndia @mansukhmandviya @ianuragthakur @DrBharatippawar @PIB_India @mygovindia @AmritMahotsav @COVIDNewsByMIB @DDNewslive @airnewsalerts https://t.co/OF6UNh5avS"
182,"Hon'ble Minister of Health and Family Welfare Dr. 
@mansukhmandviya shared his thoughts on eliminating malaria from the country on the occasion of #WorldMalariaDay today. https://t.co/QJ6m2CuREh"
183,"#Unite2FightCorona
#LargestVaccineDrive https://t.co/em1sdBCUKy"
184,"This #WorldMalariaDay, letâ€™s support the country's mission to #EndMalaria using effective methods for prevention, diagnosis &amp; treatment such as long-lasting insecticidal nets (LLINs) and consuming anti-malarial drugs. #HealthForAll https://t.co/oO16GUHSo2"
185,à¤­à¤¾à¤°à¤¤ à¤•à¥€ à¤µà¤¿à¤•à¤¾à¤¸ à¤¯à¤¾à¤¤à¥à¤°à¤¾  à¤•à¥‹ à¤¸à¤¶à¤•à¥à¤¤ à¤•à¤°à¤¨à¥‡ à¤®à¥‡à¤‚ à¤ªà¥à¤°à¤§à¤¾à¤¨à¤®à¤‚à¤¤à¥à¤°à¥€ à¤¸à¥à¤µà¤¾à¤®à¤¿à¤¤à¥à¤µ à¤¯à¥‹à¤œà¤¨à¤¾ à¤¬à¥‡à¤¹à¤¦ à¤…à¤¹à¤® à¤¸à¤¾à¤¬à¤¿à¤¤ à¤¹à¥‹ à¤°à¤¹à¥€ à¤¹à¥ˆà¥¤ à¤ªà¤¹à¤²à¥‡ à¤—à¥à¤°à¤¾à¤®à¥€à¤£à¥‹à¤‚ à¤•à¥‡ à¤ªà¤¾à¤¸ à¤…à¤ªà¤¨à¥‡ à¤˜à¤° à¤•à¤¾ à¤•à¥‹à¤ˆ à¤®à¤¾à¤²à¤¿à¤•à¤¾à¤¨à¤¾ à¤¦à¤¸à¥à¤¤à¤¾à¤µà¥‡à¤œ à¤¨à¤¹à¥€à¤‚ à¤¥à¤¾à¥¤ à¤…à¤¬ à¤‡à¤¸ à¤¯à¥‹à¤œà¤¨à¤¾ à¤•à¥‡ à¤¤à¤¹à¤¤ à¤ªà¥à¤°à¥‰à¤ªà¤°à¥à¤Ÿà¥€ à¤•à¤¾à¤°à¥à¤¡ à¤ªà¤¾à¤¨à¥‡ à¤µà¤¾à¤²à¥‡ à¤—à¥à¤°à¤¾à¤®à¥€à¤£ à¤¬à¥‡à¤¹à¤¦ à¤–à¥à¤¶ à¤¹à¥ˆà¤‚à¥¤ #AatmanirbharPanchayat https://t.co/X1wrm0huUu
186,PM @narendramodi to attend Raisina Dialogue in New Delhi today at 6 PM. Watch live here: https://t.co/4zrjBYNirn https://t.co/IA3QmWKrKQ
187,"Letâ€™s start the week by doing something creative! Design and name the mascot for the WorldSkills India and stand a chance to win a cash prize of â‚¹25,000. Visit https://t.co/JsZ4MrxDSB for more details. https://t.co/UzGc20ak4g"
188,"à¤ªà¥à¤°à¤§à¤¾à¤¨à¤®à¤‚à¤¤à¥à¤°à¥€ à¤¸à¥à¤µà¤¾à¤®à¤¿à¤¤à¥à¤µ à¤¯à¥‹à¤œà¤¨à¤¾ à¤—à¥à¤°à¤¾à¤®à¥€à¤£ à¤­à¤¾à¤°à¤¤ à¤•à¥€ à¤†à¤°à¥à¤¥à¤¿à¤• à¤ªà¥à¤°à¤—à¤¤à¤¿ à¤•à¥‹ à¤¤à¥‡à¤œ à¤•à¤°à¤¨à¥‡ à¤•à¤¾ à¤¸à¤‚à¤•à¤²à¥à¤ª à¤¹à¥ˆà¥¤ à¤…à¤ªà¤¨à¥€ à¤œà¤®à¥€à¤¨ à¤”à¤° à¤˜à¤° à¤•à¥‡ à¤¦à¤¸à¥à¤¤à¤¾à¤µà¥‡à¤œ à¤®à¤¿à¤²à¤¨à¥‡ à¤¸à¥‡ à¤¯à¥‹à¤œà¤¨à¤¾ à¤•à¥‡ à¤²à¤¾à¤­à¤¾à¤°à¥à¤¥à¤¿à¤¯à¥‹à¤‚ à¤®à¥‡à¤‚ à¤†à¤¤à¥à¤®à¤µà¤¿à¤¶à¥à¤µà¤¾à¤¸ à¤”à¤° à¤†à¤¤à¥à¤®à¤¸à¤®à¥à¤®à¤¾à¤¨ à¤¦à¥‹à¤¨à¥‹à¤‚ à¤œà¤¾à¤—à¤¾ à¤¹à¥ˆà¥¤

à¤¯à¤¹ à¤¯à¥‹à¤œà¤¨à¤¾ à¤—à¥à¤°à¤¾à¤®à¥€à¤£ à¤¸à¥à¤µà¤°à¤¾à¤œ à¤•à¤¾ à¤¸à¤ªà¤¨à¤¾ à¤¸à¤¾à¤•à¤¾à¤° à¤•à¤° à¤°à¤¹à¥€ à¤¹à¥ˆà¥¤ #AatmanirbharPanchayat https://t.co/ywjHIv2Lyn"
189,"With #PMYogaAwards2022, letâ€™s honour individuals and organisations who have made a significant impact on society by promoting yoga. Visit https://t.co/thHkMpMHOx today! https://t.co/z4Jez5GKBJ"
190,The govt is providing concessional standard short term Agri Loan to farmers at an interest rate of 7% &amp; 3% additional benefit on timely repayment to farmers thus providing loans up to Rs.3 lakh at 4% annual interest on timely repayment. #AtmanirbharKisan #HamaraKisanHamaraAbhiman https://t.co/SUhsoP8VA0
191,"Over 3 Crore Kisan Credit Cards (KCC) have been issued with a sanctioned credit limit of Rs 3,34,429 crores under the Kisan Credit Card Saturation Drive campaign. This has ensured the availability of concessional loans to farmers. #AtmanirbharKisan #HamaraKisanHamaraAbhiman https://t.co/q6EzUosc3c"
192,"#WorldMalariaDay à¤•à¥‡ à¤…à¤µà¤¸à¤° à¤ªà¤° à¤†à¤‡à¤¯à¥‡ à¤¦à¥‡à¤¶ à¤•à¥‹ à¤®à¤²à¥‡à¤°à¤¿à¤¯à¤¾ à¤®à¥à¤•à¥à¤¤ à¤¬à¤¨à¤¾à¤¨à¥‡ à¤•à¤¾ à¤¸à¤‚à¤•à¤²à¥à¤ª à¤²à¥‡à¤‚à¥¤ à¤†à¤‡à¤¯à¥‡ à¤…à¤ªà¤¨à¥€ à¤œà¤¿à¤®à¥à¤®à¥‡à¤¦à¤¾à¤°à¥€ à¤¨à¤¿à¤­à¤¾à¤à¤‚, à¤®à¤²à¥‡à¤°à¤¿à¤¯à¤¾ à¤•à¥‡ à¤¸à¤‚à¤¬à¤‚à¤§ à¤®à¥‡à¤‚ à¤œà¤¾à¤—à¤°à¥‚à¤•à¤¤à¤¾ à¤«à¥ˆà¤²à¤¾ à¤•à¤° à¤‡à¤¸à¤•à¥€ à¤°à¥‹à¤•à¤¥à¤¾à¤® à¤®à¥‡à¤‚ à¤…à¤ªà¤¨à¤¾ à¤¯à¥‹à¤—à¤¦à¤¾à¤¨ à¤¦à¥‡à¤‚à¥¤ https://t.co/U0VwC9pJn7"
193,"As a part of the #EarthDay celebrations, we are inviting citizens to participate in the essay writing competition on the theme â€“ â€˜Invest in our Planetâ€™. The best 3 essays will be featured on social media &amp; win exciting prizes. Visit: https://t.co/FcdZP73fWw https://t.co/qJGovUyDjU"
194,à®‡à®¨à¯à®¤ à®†à®£à¯à®Ÿà®¿à®©à¯ à®®à®¿à®•à®ªà¯à®ªà¯†à®°à®¿à®¯ à®µà®¿à®©à®¾à®Ÿà®¿ à®µà®¿à®©à®¾ - #SabkaVikasMahaQuiz à®‡à®ªà¯à®ªà¯‹à®¤à¯ à®¨à¯‡à®°à®²à¯ˆà®¯à®¿à®²à¯ à®‰à®³à¯à®³à®¤à¯!!! à®µà®¿à®©à®¾à®Ÿà®¿ à®µà®¿à®©à®¾à®µà®¿à®²à¯ à®ªà®™à¯à®•à¯‡à®±à¯à®±à¯ à®ªà®®à¯à®ªà®°à¯ à®ªà®£ à®µà¯†à®•à¯à®®à®¤à®¿à®•à®³à¯ˆ à®µà¯†à®²à¯à®²à¯à®®à¯ à®µà®¾à®¯à¯à®ªà¯à®ªà¯ˆà®ªà¯ à®ªà¯†à®±à¯à®™à¯à®•à®³à¯. à®ªà®¾à®°à¯à®µà¯ˆà®¯à®¿à®Ÿà®µà¯à®®à¯: https://t.co/DtNHH86skq https://t.co/i2f3QsWYq4
195,PM @narendramodi shared his message at the inauguration of the Khelo India University Games yesterday. Here are some of his most inspiring quotes! âœ¨ https://t.co/LshN7eQJTy
196,"What should the jingle for International Yoga Day 2022 sound like? Share your entry with us and stand a chance to win a cash prize of â‚¹25,000! Visit: https://t.co/lZplFlraVr https://t.co/t78gRgSbcu"
197,"Thank you, Amit for participating in the biggest quiz contest of the year - #SabkaVikasMahaQuiz. Challenge your friends and family too. https://t.co/4s0Ib3Ldby https://t.co/IYwzZeA34U"
198,"20 questions, 300 seconds to test your knowledge about PM Garib Kalyan Anna Yojana! Participate in #SabkaVikasMahaQuiz and stand a chance to win exciting cash prizes. Visit: https://t.co/4s0Ib3Ldby https://t.co/PFjMVLCkzB"
199,".@AgriGoI is organising the 'Kisan Bhagidari, Prathmikta Hamariâ€™ campaign from 25th to 30th April 2022 as a part of Azadi Ka #AmritMahotsav celebrations. #KBPH #KisanBhagidari #KisanPrathmikta"
200,"Remembering Hem Barua, an Indian independence activist, social worker and writer from Sonitpur district, on his birth anniversary. He is also known as Tyagbir in Assam. #MyGovMorningMusings https://t.co/UlLRWuPK29"
201,"â€œWhat can be a greater privilege than to have received the love of Lata Didiâ€

PM @narendramodi receives Lata Deenanath Mangeshkar Award at a ceremony in Mumbai. https://t.co/62eWs6vzvJ"
202,"As we celebrate #PanchayatiRajDiwas, we invite you to share your ideas and suggestions to support the MSMEs and cottage industry in rural India through panchayats. Share your valuable inputs with us at: https://t.co/5fjD6DgCFB https://t.co/yxFhK8kOya"
203,"à¤•à¥à¤¯à¤¾ à¤†à¤ª à¤œà¤¾à¤¨à¤¤à¥‡ à¤¹à¥ˆ? à¤—à¤°à¥€à¤¬à¥‹à¤‚ à¤•à¥‹ à¤¨à¤¿à¤¶à¥à¤²à¥à¤• à¤°à¤¾à¤¶à¤¨ à¤µà¤¿à¤¤à¤°à¤£ à¤¹à¥‡à¤¤à¥ à¤ªà¥à¤°à¤§à¤¾à¤¨à¤®à¤‚à¤¤à¥à¤°à¥€ à¤—à¤°à¥€à¤¬ à¤•à¤²à¥à¤¯à¤¾à¤£ à¤…à¤¨à¥à¤¨ à¤¯à¥‹à¤œà¤¨à¤¾ à¤•à¥‹ à¤¸à¤¿à¤¤à¤‚à¤¬à¤° 2022 à¤¤à¤• à¤¬à¤¢à¤¼à¤¾ à¤¦à¤¿à¤¯à¤¾ à¤—à¤¯à¤¾ à¤¹à¥ˆ!
à¤†à¤‡à¤ #SabkaVikasMahaQuiz à¤®à¥‡à¤‚ à¤­à¤¾à¤— à¤²à¥‡à¤•à¤° à¤¸à¤°à¤•à¤¾à¤° à¤•à¥€ à¤œà¤¨à¤¹à¤¿à¤¤à¥ˆà¤·à¥€ à¤¯à¥‹à¤œà¤¨à¤¾à¤“à¤‚ à¤•à¥‡ à¤ªà¥à¤°à¤¤à¤¿ à¤…à¤ªà¤¨à¥€ à¤œà¤¾à¤¨à¤•à¤¾à¤°à¥€ à¤ªà¤°à¤–à¥‡à¤‚ à¤”à¤° à¤œà¥€à¤¤à¥‡à¤‚ à¤¨à¤•à¤¦ à¤ªà¥à¤°à¤¸à¥à¤•à¤¾à¤°à¥¤ à¤µà¤¿à¤œà¤¿à¤Ÿ à¤•à¤°à¥‡à¤‚: https://t.co/DtNHH8nvmq https://t.co/5YvtcSy08F"
204,PM @narendramodi begins his address at the inauguration of Khelo India University Games in Bengaluru.
205,"à¤²à¤¤à¤¾ à¤œà¥€ â€˜à¤à¤• à¤­à¤¾à¤°à¤¤, à¤¶à¥à¤°à¥‡à¤·à¥à¤  à¤­à¤¾à¤°à¤¤â€™ à¤•à¥€ à¤®à¤§à¥à¤° à¤ªà¥à¤°à¤¸à¥à¤¤à¥à¤¤à¤¿ à¤•à¥€ à¤¤à¤°à¤¹ à¤¥à¥€à¤‚à¥¤ à¤‰à¤¨à¥à¤¹à¥‹à¤‚à¤¨à¥‡ à¤¦à¥‡à¤¶ à¤•à¥€ 30 à¤¸à¥‡ à¤œà¥à¤¯à¤¾à¤¦à¤¾ à¤­à¤¾à¤·à¤¾à¤“à¤‚ à¤®à¥‡à¤‚ à¤¹à¤œà¤¾à¤°à¥‹à¤‚ à¤—à¥€à¤¤ à¤—à¤¾à¤¯à¥‡à¥¤ à¤¹à¤¿à¤¨à¥à¤¦à¥€ à¤¹à¥‹ à¤®à¤°à¤¾à¤ à¥€, à¤¸à¤‚à¤¸à¥à¤•à¥ƒà¤¤ à¤¹à¥‹ à¤¯à¤¾ à¤¦à¥‚à¤¸à¤°à¥€ à¤­à¤¾à¤°à¤¤à¥€à¤¯ à¤­à¤¾à¤·à¤¾à¤à¤, à¤²à¤¤à¤¾à¤œà¥€ à¤•à¤¾ à¤¸à¥à¤µà¤° à¤µà¥ˆà¤¸à¤¾ à¤¹à¥€ à¤¹à¤° à¤­à¤¾à¤·à¤¾ à¤®à¥‡à¤‚ à¤˜à¥à¤²à¤¾ à¤¹à¥à¤† à¤¹à¥ˆ: à¤ªà¥à¤°à¤§à¤¾à¤¨à¤®à¤‚à¤¤à¥à¤°à¥€ @narendramodi https://t.co/ZOqN2PUq9u"
206,"à¤¸à¤‚à¤¸à¥à¤•à¥ƒà¤¤à¤¿ à¤¸à¥‡ à¤²à¥‡à¤•à¤° à¤†à¤¸à¥à¤¥à¤¾ à¤¤à¤•, à¤ªà¥‚à¤°à¤¬ à¤¸à¥‡ à¤²à¥‡à¤•à¤° à¤ªà¤¶à¥à¤šà¤¿à¤® à¤¤à¤•, à¤‰à¤¤à¥à¤¤à¤° à¤¸à¥‡ à¤¦à¤•à¥à¤·à¤¿à¤£ à¤¤à¤•, à¤²à¤¤à¤¾ à¤œà¥€ à¤•à¥‡ à¤¸à¥à¤°à¥‹à¤‚ à¤•à¥‡ à¤ªà¥‚à¤°à¥‡ à¤¦à¥‡à¤¶ à¤•à¥‹ à¤à¤• à¤¸à¥‚à¤¤à¥à¤° à¤®à¥‡à¤‚ à¤ªà¤¿à¤°à¥‹à¤¨à¥‡ à¤•à¤¾ à¤•à¤¾à¤® à¤•à¤¿à¤¯à¤¾à¥¤ à¤¦à¥à¤¨à¤¿à¤¯à¤¾ à¤®à¥‡à¤‚ à¤­à¥€, à¤µà¥‹ à¤¹à¤®à¤¾à¤°à¥‡ à¤­à¤¾à¤°à¤¤ à¤•à¥€ à¤¸à¤¾à¤‚à¤¸à¥à¤•à¥ƒà¤¤à¤¿à¤• à¤°à¤¾à¤œà¤¦à¥‚à¤¤ à¤¥à¥€à¤‚: à¤ªà¥à¤°à¤§à¤¾à¤¨à¤®à¤‚à¤¤à¥à¤°à¥€ @narendramodi https://t.co/BCRiAYcWI6"
207,à¤¸à¤‚à¤—à¥€à¤¤ à¤•à¥€ à¤¸à¤¾à¤§à¤¨à¤¾ à¤”à¤° à¤ˆà¤¶à¥à¤µà¤° à¤•à¥€ à¤¸à¤¾à¤§à¤¨à¤¾ à¤²à¤¤à¤¾ à¤¦à¥€à¤¦à¥€ à¤•à¥‡ à¤²à¤¿à¤ à¤à¤• à¤¹à¥€ à¤¥à¤¾à¥¤ à¤²à¤¤à¤¾ à¤¦à¥€à¤¦à¥€ à¤¨à¥‡ à¤¸à¤‚à¤—à¥€à¤¤ à¤®à¥‡à¤‚ à¤µà¥‹ à¤¸à¥à¤¥à¤¾à¤¨ à¤¹à¤¾à¤²à¤¿à¤¸ à¤•à¤¿à¤¯à¤¾ à¤•à¤¿ à¤²à¥‹à¤— à¤‰à¤¨à¥à¤¹à¥‡à¤‚ à¤®à¤¾à¤‚ à¤¸à¤°à¤¸à¥à¤µà¤¤à¥€ à¤•à¤¾ à¤ªà¥à¤°à¤¤à¤¿à¤°à¥‚à¤ª à¤®à¤¾à¤¨à¤¤à¥‡ à¤¥à¥‡: à¤ªà¥à¤°à¤§à¤¾à¤¨à¤®à¤‚à¤¤à¥à¤°à¥€ @narendramodi https://t.co/WUskwdeOAb
